domain,method
ebay.cn,clearbit
autosecuritas-ct-seysses.fr,clearbit
greatplacetowork.com.bo,clearbit
wurth-international.com,clearbit
astrazeneca.ua,clearbit
mazda-autohaus-hellwig-hoyerswerda.de,clearbit
stanbicbank.co.zw,clearbit
toyota-buchreiter-eisenstadt.at,clearbit
ovb.ro,clearbit
engie.co.uk,clearbit
ymcasteuben.org,clearbit
tupperware.at,clearbit
ccusa.co.nz,clearbit
lidl.com.cy,clearbit
avis.cr,clearbit
synlab.com.tr,clearbit
nobleprog.mx,clearbit
freseniusmedicalcare.ca,clearbit
affidea.ba,clearbit
cafelasmargaritas.es,clearbit
bakertilly.lu,clearbit
aamcoanaheim.net,clearbit
deheus.com.vn,clearbit
julis-sh.de,clearbit
aamcoconyersga.com,clearbit
renault-tortosa.es,clearbit
oil-testing.de,clearbit
baywa-re.es,clearbit
menschenfuermenschen.at,clearbit
europa-union-sachsen-anhalt.de,clearbit
zalando.cz,scrap_favicon
wurthsaudi.com,clearbit
pirtek.be,clearbit
aamcoseguin.com,clearbit
bakertilly.es,clearbit
mazda-autohaus-kaschmieder-waren.de,clearbit
plameco-hannover.de,scrap_favicon
zkteco.vn,clearbit
allianz.nl,clearbit
unicharm.com.br,clearbit
berlitz-augsburg.de,clearbit
intertongn.es,clearbit
rsmpoland.pl,clearbit
kia-moeller-wunstorf.de,scrap_favicon
esseskincare.sg,clearbit
secureparkinghi.com,clearbit
trinkgutlippstadt.de,clearbit
savethechildren.ca,clearbit
mazda-autohaus-lackmann-sendenhorst.de,clearbit
ibc-solar.jp,scrap_favicon
avoncameroun.com,clearbit
menicon.de,clearbit
linde-gas.fi,clearbit
mateco.nl,clearbit
svnefird.com,clearbit
svntrinity.com,clearbit
spitex-wasseramt.ch,scrap_favicon
orient-food.sk,clearbit
noiseassessments.org,clearbit
equans.hu,clearbit
veolia.com.ru,scrap_favicon
mazdaofamarillo.com,clearbit
mazda-autohaus-roessel-birkenau.de,clearbit
williamblairfunds.com,clearbit
mazda-poznan-voyager.pl,clearbit
aamcodelran.com,clearbit
rheine.schule,clearbit
kapanfastigheter.se,clearbit
bioderma.co.za,clearbit
kalyanmachines.com,clearbit
linexps.com,clearbit
kia-suedmobile-radolfzell.de,clearbit
worldvision.ca,clearbit
linde-gas.at,clearbit
bmw-motorrad-euromotos-lyon.fr,scrap_favicon
renaultsanzhispano.es,clearbit
xella-colloquium.berlin,scrap_favicon
avia.ch,clearbit
cdviberica.com,clearbit
adecco.cl,clearbit
nestle.com.vn,clearbit
wurth.co,clearbit
daikin.ge,clearbit
toyotanatas.com.tr,clearbit
ibc-solar.pl,clearbit
mazda-autohaus-henseler-schwedt.de,clearbit
zalando.dk,clearbit
crocs.co.id,clearbit
mazda.de,clearbit
daikinkuwait.com,clearbit
aamcosalemor.com,clearbit
daikin.com.sg,clearbit
spitex-regionbirs.ch,clearbit
mazda-autohaus-hansmann-kassel.de,clearbit
einhell.ba,clearbit
linexofschererville.com,clearbit
webster.nl,clearbit
flashbay.ca,clearbit
mazda-autohaus-wassing-ahaus-wuellen.de,scrap_favicon
pingusenglish.com.tr,clearbit
compo.de,clearbit
aamcowilliamsportpa.com,clearbit
pkf-hk.com,clearbit
besins-healthcare.se,clearbit
subaru.jp,clearbit
renaultmerida.com.mx,clearbit
medef-alsace.com,clearbit
ford.pl.ua,scrap_favicon
allianz-kuhlemann.de,clearbit
tbwa.co.za,clearbit
veolia.fr,clearbit
engie.pt,clearbit
bauder.lt,scrap_favicon
peugeot.sk,clearbit
santillana.com.hn,clearbit
siebtechnik-tema.cn,clearbit
intersport-rent.fr,clearbit
rsmthailand.com,clearbit
mazdabali.co.id,clearbit
strabag-pfs.com,clearbit
aamcocatonsvillemd.com,clearbit
aamco-councilbluffs.com,clearbit
meggle-bakery.com,clearbit
nutriciababy.be,clearbit
bbraun.rs,scrap_favicon
cvjm-pfalz.de,scrap_favicon
pcllawyersfrankston.com.au,clearbit
nestle.ch,clearbit
adra.org.pe,clearbit
renault.dk,clearbit
inductotherm.co.kr,clearbit
wurth.com.uy,clearbit
aamcobloomfield.com,scrap_favicon
culliganwi.com,clearbit
veolia.ca,clearbit
vitalimages.com,clearbit
amnesty.is,clearbit
meggle.co.jp,clearbit
engie.cl,clearbit
linde-finance.com,clearbit
crocs.com.uy,scrap_favicon
linde.pe,clearbit
narscosmetics.es,clearbit
linde-electronics.com,scrap_favicon
mazda-autohaus-sturne-rochlitz.de,scrap_favicon
subaru.nc,scrap_favicon
brother.com.pe,clearbit
renaultrycauto.es,clearbit
ikea.com.hk,clearbit
catsprotectionshop.co.uk,clearbit
mazda-autohaus-becker-homburg-bruchhof.de,clearbit
culliganheartland.com,clearbit
spitex-wiggertal.ch,scrap_favicon
daikin-ksa.com,clearbit
sephora.pl,clearbit
renaultchiva.com,scrap_favicon
sherwin-williams.com.ec,clearbit
culligantotalwater.com,clearbit
autosecuritas-barlin.fr,scrap_favicon
ebayglobalshipping.com,scrap_favicon
bakertilly.ci,clearbit
kierpensions.co.uk,clearbit
wurth-international.com.cn,clearbit
allianz-rose.info,clearbit
linak.nl,clearbit
mazda-autohaus-blank-dinkelsbuehl.de,scrap_favicon
actemium.ch,clearbit
bakertilly.ky,clearbit
taylorfarmsdeli.com,clearbit
grantthornton.com.sv,clearbit
bakertilly.com.pa,clearbit
chip.pl,clearbit
fleishmanhillard.cn,clearbit
vkf-renzel.com.tr,clearbit
isover.hu,clearbit
bauder.at,clearbit
zktecoma.com,clearbit
aamcotulsa-memorial.com,clearbit
urmet.com.br,clearbit
lidl.lt,clearbit
azets.ie,clearbit
mooresingapore.com,clearbit
ccusa.com.au,clearbit
toysrus.com.sg,clearbit
manpowergroup.no,clearbit
aamcopasadenatx.com,clearbit
medef-bearnetsoule.com,clearbit
mapfre.pr,clearbit
moore.swiss,clearbit
axabreakdown.co.uk,clearbit
modshair-nuernberg.de,clearbit
crif.pl,clearbit
cdu-aldenhoven.de,clearbit
ccusa.hu,clearbit
panpuri.fr,clearbit
kia-gorny-eislingen.de,scrap_favicon
despec.eu,clearbit
savethechildren.mx,clearbit
algordanza.com.au,clearbit
medef-artois.fr,clearbit
carglass.rs,clearbit
nutricia.nl,clearbit
toofacedcosmetics.jp,clearbit
linexaus.com.au,clearbit
julis-nuernberg.de,clearbit
berlitz-dublin.ie,clearbit
linak.com.br,clearbit
wurth.fi,clearbit
daikincareers.com,clearbit
pkf.co.in,clearbit
worldvision.bo,clearbit
affidea.pt,clearbit
ecslupsk.pl,scrap_favicon
daikintexastechnologypark.com,clearbit
rotaryclubofessex.com,scrap_favicon
rubiomonocoat.com.au,clearbit
mitsubishi-motors.com.om,clearbit
mazda-autohaus-tabbouch-speyer.de,clearbit
kumonla.com,clearbit
infiniti-bahrain.com,clearbit
linde-gas.nl,clearbit
mazda-autohaus-sturne-grimma.de,scrap_favicon
engie.de,clearbit
aamcofeastervillepa.com,clearbit
scte-prod.herokuapp.com,clearbit
spie.lu,clearbit
mazda-autohaus-haese-erkrath-hochdahl.de,clearbit
savethechildren.it,clearbit
saint-gobain.ru,clearbit
ikea.es,clearbit
mazda-autohaus-fenzl-hauzenberg.de,scrap_favicon
seasonsrehab.in,scrap_favicon
daikin.com.vn,clearbit
nobleprog.co.th,clearbit
aamcowintervillenc.com,clearbit
veolia.in,clearbit
wurth.ua,clearbit
metlife.co.kr,clearbit
einhell.hr,clearbit
aamco-newbraunfels.com,clearbit
ford.vn.ua,scrap_favicon
renaulttersa.com.mx,scrap_favicon
berlitzph.com,clearbit
honda-pirola.com,scrap_favicon
fmc-mexico.com,clearbit
chicco.pl,scrap_favicon
mitsubishielectric.cz,clearbit
mazdalakeland.com,clearbit
intersport-arc1950.com,scrap_favicon
ikea.com.tr,clearbit
mazda-rzeszow-czach.pl,clearbit
ymca-cnw.org,clearbit
veolia.pt,clearbit
misterwhat.nl,scrap_favicon
edenred.es,clearbit
toyotafocsani.ro,scrap_favicon
spitexaadorf.ch,scrap_favicon
renaulttlalnepantla.com.mx,clearbit
toupret.ch,scrap_favicon
dulux.pl,clearbit
immunospot.eu,clearbit
greatplacetowork.com.cy,clearbit
orange.sn,clearbit
bakertilly.dk,clearbit
mazda-autohaus-banaszak-kleve.de,clearbit
bakertilly.ke,clearbit
araihelmet.com,clearbit
mazda-autohaus-kilger-regen.de,scrap_favicon
nestle.mk,clearbit
renaultsancosme.com.mx,scrap_favicon
thebodyshop.si,scrap_favicon
globalconnectgroup.com,clearbit
aamcofortworth.com,clearbit
aamcosuffolkva.com,clearbit
srpb2b.com,scrap_favicon
linde-gas.ee,clearbit
mazda-autohaus-elstner-jena.de,clearbit
servier.com.ar,clearbit
rotary-bulgaria.org,clearbit
moog.co.uk,clearbit
kia-mueller-genthin.de,clearbit
carglass.gr,clearbit
murrelektronik.sk,clearbit
cfmotoperu.com,clearbit
aamcometuchen.com,clearbit
mazda-autohaus-dorner-riedlingen.de,clearbit
kia-moeller-eisenach.de,scrap_favicon
mercyships.se,clearbit
kia-plt.ru,clearbit
lamborghini-zh.ch,clearbit
secureparking.co.id,clearbit
papasaveriospizzeria.com,scrap_favicon
solatube.se,clearbit
statkraft.ie,clearbit
carglass.cz,clearbit
intersport-martinique-guadeloupe.fr,clearbit
airbnb.rs,scrap_favicon
bakertilly.bg,clearbit
isic.de,clearbit
starbucks.co.nz,clearbit
aamcosantaclaritaca.com,scrap_favicon
decathlon.ch,clearbit
sto.hr,clearbit
enterprise.dk,clearbit
demeter-bw.de,clearbit
carlsjr.com.sg,clearbit
allianz-assistance.ie,clearbit
mazda-service-koch-ludwigsfelde.de,scrap_favicon
toyotaaktoy.com.tr,clearbit
mazda-angola-autozuid.com,clearbit
santillana.com.uy,clearbit
africell.ao,clearbit
crocs.ch,clearbit
cdlbarreiras.com.br,clearbit
bonprix.nl,clearbit
mcdonalds.co.za,clearbit
pearsonclinical.co.uk,clearbit
aviapolska.pl,scrap_largest
tupperware.co.kr,clearbit
ford.if.ua,clearbit
mazda-autohaus-ludwig-halle-neustadt.de,scrap_favicon
aamcotulsa-brokenarrow.com,scrap_favicon
ikea.ee,clearbit
mazda.fi,clearbit
toyotagocmenturk.com.tr,clearbit
veolia.pl,clearbit
baywa-re.vn,clearbit
worldvision.org.nz,clearbit
bioderma-sk.com,clearbit
sitechnorthwest.com,scrap_favicon
toysrus.com.my,clearbit
bestrucksofmn.net,scrap_largest
medef-corse.com,clearbit
mcdonalds.md,clearbit
mazda-autohaus-buelo-naumburg.de,scrap_favicon
aamcoconwaysc.com,clearbit
decathlon.hu,clearbit
murrelektronik.be,clearbit
mazda-ma.com,scrap_favicon
jungheinrich.com.sg,clearbit
toyotabacau.ro,scrap_favicon
dertour.sk,scrap_largest
isover.se,clearbit
bbraun.ae,clearbit
culliganwatertreatment.com,clearbit
culligantulsa.com,clearbit
rutscherlebnis.at,clearbit
adecco.com.sg,clearbit
grantthornton.com.ve,clearbit
nikonschool.de,failed
modshair-bielefeld.de,clearbit
synlab.com.gh,clearbit
aamcoeverett.com,clearbit
reedglobal.hu,clearbit
mazdaoforange.com,clearbit
actemium.pt,clearbit
reedglobal.pl,clearbit
pearsonclinical.ca,clearbit
kiamarin.com,clearbit
medef-sarthe.fr,clearbit
aamcoclaymontde.com,clearbit
bbraun.ca,clearbit
bakertilly.lv,clearbit
bosch-industry-consulting.com,clearbit
flashbay.com.my,clearbit
bakertilly.sg,clearbit
murrelektronik.hu,clearbit
pingusenglish.co.id,clearbit
atalian.pl,clearbit
aamcoeastmesa.com,clearbit
engie-africa.com,clearbit
veka.pt,clearbit
stanbicbank.co.bw,clearbit
mazda-autohaus-thoss-falkenstein.de,scrap_favicon
zalando.no,clearbit
spitexgossau.ch,clearbit
toysrus.com.ph,clearbit
wuerth.com.hr,clearbit
algeco.sk,clearbit
aamcoparkvillemd.com,clearbit
actemium.com,clearbit
mazda-autohaus-lotspeich-muenchen.de,clearbit
veoliawatertechnologies.fi,clearbit
flashbay.co.nz,clearbit
toyota-annecy.fr,scrap_favicon
mazda.ru,clearbit
yonyou.com.hk,clearbit
repsol.in.ua,scrap_favicon
viacon.no,clearbit
aamco-omahasouth.com,clearbit
veolia.bg,clearbit
adecco.co.th,clearbit
ford.dn.ua,scrap_favicon
spitex-region-stockhorn.ch,scrap_favicon
linde.co.th,scrap_favicon
autosecuritas-ct-notre-dame-doe.fr,scrap_favicon
isover.ua,clearbit
globalconnectcarrier.com,clearbit
vans.at,clearbit
renaultcampeche.mx,scrap_favicon
techtel.com.sg,clearbit
vbh.be,clearbit
mazda-autohaus-fritsche-grossschoenau.de,clearbit
benu.ee,scrap_favicon
veoliawatertechnologies.pl,clearbit
pragroup.pl,clearbit
nordicpharma.pt,scrap_favicon
cvjm-hemer.de,clearbit
kiaofdaphne.com,scrap_favicon
mazda-sosnowiec-mirai.pl,clearbit
yves-rocher.pt,clearbit
wwf.no,clearbit
vkf-renzel.ro,clearbit
amnesty.id,clearbit
rockvalleyculligan.com,clearbit
atalian.hu,clearbit
veolia.fi,clearbit
roca.co.th,clearbit
toyota-bauer.at,clearbit
greatplacetowork.se,clearbit
avia-belgomine.be,clearbit
toyota-rillieux.fr,clearbit
fleishmanhillard.ph,clearbit
dysartsservicecenter.com,clearbit
pefc.fi,clearbit
caspak.co.nz,clearbit
aamcoindependencemo.com,clearbit
toyotasandikci.com.tr,clearbit
spitexzug.ch,clearbit
bakertilly.sl,clearbit
papajohns.co.nl,clearbit
veolia.co.za,clearbit
aamcowestbroward.com,scrap_favicon
aamcohialeahfl.com,scrap_favicon
mazda-autohaus-schindlbeck-straubing.de,scrap_favicon
shimadzu-la.com,clearbit
infiniti-abudhabi.com,clearbit
mazda-autohaus-mueller-und-thurnes-tholey.de,clearbit
aamcoburbank.com,clearbit
tupperware.es,clearbit
spitex-oberthurgau.ch,scrap_favicon
hondasemarangcenter.com,clearbit
demetercs.eu,clearbit
sitechsolutions.com,clearbit
subaru-bd.com,clearbit
culliganquadcities.com,scrap_favicon
mazda-krakow-kazokuluzar.pl,clearbit
misterwhat.pt,scrap_favicon
carglass.hu,clearbit
spitex-oberfreiamt.ch,scrap_favicon
pragroup.com.au,clearbit
manpowergroup.dk,scrap_favicon
aonsolutions.com.cy,clearbit
culligansiouxcity.com,clearbit
kia-ci.com,clearbit
kia-crimea.ru,clearbit
einhell.com.ar,clearbit
lidl-ni.co.uk,clearbit
chicco.ru,scrap_favicon
acuraofwestchester.com,clearbit
veolia.am,clearbit
toysrus.fr,scrap_largest
lindesaude.pt,clearbit
bioderma.it,clearbit
mazda-autohaus-albstadt-auto-domicil-ebingen.de,failed
rationalstock.es,clearbit
bbraun.ph,clearbit
hyundaiblacktown.com.au,clearbit
salvationarmy.org.sg,clearbit
kuraray.us.com,clearbit
muvpropiedades.com.ar,clearbit
infiniti-dubai.com,clearbit
toyotaortakoy.com.tr,failed
adlatus-nordwestschweiz.ch,scrap_favicon
myron.ca,clearbit
crocssa.co.za,clearbit
mazda-uae.com,clearbit
aamcomissouricitytx.com,clearbit
mercyships.dk,clearbit
colorflexpackaging.com,clearbit
linexcoloradosprings.com,clearbit
propertyfinder.com,clearbit
misterwhat.pl,clearbit
linde-gaz.pl,clearbit
servier.co.uk,clearbit
cvjm-muensingen.de,clearbit
aamcopompanobeach.com,clearbit
nestle.bg,clearbit
worldvision.org.sv,clearbit
inductothermgroup.com.br,clearbit
plameco.nl,clearbit
wurth.lk,clearbit
lidl-giftcard.eu,failed
mazda-press.com,clearbit
howden.co.il,clearbit
bbraun.lt,clearbit
fattalhotelgroup.com,clearbit
mazda.hu,clearbit
allianz.com.gr,clearbit
mazda-autohaus-doerenkaemper-bad-hersfeld.de,scrap_favicon
lightspeedhq.fr,clearbit
wwf.org,clearbit
astrazeneca.hu,scrap_favicon
linexofwilliston.com,clearbit
bakertillymapema.se,clearbit
rotary.hr,clearbit
honda-rouen.com,clearbit
linexofmacon.com,scrap_favicon
mazdacity.com,clearbit
mazda-autohaus-boehme-lutherstadt-wittenberg.de,scrap_favicon
fmlogistic.cz,clearbit
bbraun.co.uk,clearbit
kia-kmv.ru,clearbit
mazda-autohaus-stiefel-muehlacker.de,scrap_favicon
etxt.biz,clearbit
adecco.rs,clearbit
savethechildren.or.id,clearbit
julis-muenchen.de,clearbit
intersport.si,clearbit
spitex-waedenswil.ch,clearbit
santander.pt,clearbit
synergie.com,clearbit
santander.de,clearbit
trijit.uk,clearbit
mitsubishi-motors.it,clearbit
tevamexico.com.mx,clearbit
aamcovinelandnj.com,scrap_favicon
budget-egypt.com,clearbit
wuerthmarket.ru,clearbit
spitexgaiserwald.ch,scrap_favicon
greatplacetowork.co.kr,clearbit
greatplacetowork.com.pe,clearbit
toshiba-water.com,clearbit
axa.dz,clearbit
allianz-genc.de,clearbit
suttontools.co.nz,clearbit
applebees.com.gt,clearbit
brother-slovakia.sk,scrap_favicon
chicco.co.nz,scrap_favicon
aamcopottstownpa.com,clearbit
eurofins.at,clearbit
bbraun.com.vn,clearbit
sto-ukraine.com,clearbit
mazda-autohaus-wilhelm-huellhorst.de,clearbit
amway.at,clearbit
steinbacher.pl,clearbit
shopee.in,clearbit
aamcosilverspringmd.com,clearbit
axa.ad,clearbit
spitex-imboden.ch,scrap_favicon
rotary-club-paris-se.org,scrap_favicon
compassion.es,clearbit
aamco-bellevue.com,clearbit
nordicpharma.nl,clearbit
mazda-autohaus-abs-erlangen.de,scrap_favicon
hyundaichullora.com.au,clearbit
zalando.be,clearbit
mazdafwb.com,clearbit
tgmresearch.vn,scrap_favicon
demeter.at,clearbit
mazdaofspartanburg.com,scrap_favicon
honda.cl,clearbit
toyotakar.com.tr,clearbit
reedglobal.bg,clearbit
daikin.com.mm,scrap_favicon
axa-assistance.ma,clearbit
intersport.com.cy,clearbit
intersport-courchevel1850.com,clearbit
decathlon.com.tr,clearbit
mazda-autohaus-heider-dresden.de,clearbit
avis.co.mw,clearbit
bakertilly.gt,clearbit
drekopf-kanalservice.de,clearbit
aamcochannelviewtx.com,clearbit
mazda-autohaus-lehmann-senftenberg.de,scrap_favicon
mcdonalds.ma,clearbit
airbnb.cz,clearbit
sto-sea.com,clearbit
toyotadolak.cz,clearbit
orange-bissau.com,clearbit
elizabetharden.tw,clearbit
daikin-china.com.cn,failed
mazda-autohaus-rausch-dresden.de,clearbit
bbraun.se,clearbit
besins-healthcare.nl,clearbit
spitex-hoefe.ch,clearbit
kia-chita.ru,clearbit
ikea.pr,clearbit
fmlogistic.ro,clearbit
medef-ain.fr,clearbit
decathlon-karriere.de,clearbit
veoliawatertechnologies.fr,clearbit
murrelektronik.kr,clearbit
freseniuskidneycare.ph,scrap_favicon
synlab.cz,clearbit
islprgac.org,clearbit
sto.fi,clearbit
airbnb.com.pe,clearbit
saint-gobain-glass.es,scrap_favicon
carlsjr.fr,clearbit
bosch-industrial.com,clearbit
medef-somme.fr,clearbit
fordmediacenter.nl,clearbit
brother-industrial.md,scrap_largest
pingusenglish.com.cy,clearbit
ymcawaycross.com,clearbit
murrelektronik.no,clearbit
affidea.lt,clearbit
howdensafetysolutions.com,scrap_favicon
flashbay.fr,clearbit
saint-gobain-solutions.nl,clearbit
fmlogistic.com.ua,clearbit
nobleprog.ro,clearbit
intersport-grandbornand.com,clearbit
soneparfrance.fr,clearbit
servier.pt,clearbit
mazda-autohaus-voigtlaender-meyer-hamburg.de,scrap_favicon
pearsonclinical.com.au,clearbit
demeter-im-westen.de,clearbit
nutricia.ie,clearbit
renault.no,clearbit
intersport.be,clearbit
kawasaki-seufert.de,scrap_favicon
sans-sans.com.my,clearbit
mtn.com.gh,clearbit
pingusenglishbd.com,scrap_favicon
vivaconagua.org.za,clearbit
aamcobrooklyn-ralphave.com,clearbit
kia-christ-ansbach.de,clearbit
savethechildren.org.za,clearbit
worldvision.cl,clearbit
ardex.at,clearbit
zalando.at,scrap_favicon
vans.com.ar,clearbit
kia-hotz-gardelegen.de,scrap_favicon
pingusenglish.my,clearbit
airbnb.com.ar,clearbit
linde-gas.sk,scrap_favicon
daikinlebanon.com,clearbit
mazdaofpottstown.com,clearbit
isover.com.br,clearbit
toyotabakircilarfethiye.com.tr,clearbit
toyotacavdarli.com.tr,clearbit
menicon.com.au,clearbit
fmlogistic.es,clearbit
veolia.ma,clearbit
aamcopinevillenc.com,clearbit
alcirclebiz.com,clearbit
renault.pe,clearbit
avis.com.ph,clearbit
atalian.com.tr,clearbit
daikinafrica.com,clearbit
wurth.com.vn,clearbit
demeter.ch,clearbit
duracleanservicebybob.com,clearbit
minisoindia.com,clearbit
mazda.lt,scrap_favicon
daikinegypt.com,clearbit
mazda-warszawa-bemomotors.pl,clearbit
billygraham.ca,clearbit
kiaonline.dk,clearbit
allianz.com.ar,clearbit
aamco-omahawest.com,clearbit
aamcoroslindalema.com,scrap_favicon
toyotasarar.com.tr,clearbit
manpowergroup.com.sg,clearbit
kiaofabilene.com,clearbit
nestle.com.tw,clearbit
actemium.at,clearbit
kia-strehle-dresden.de,scrap_favicon
pearsonclinical.es,clearbit
veoliawatertechnologies.es,clearbit
synergiejobs.nl,clearbit
mazda-automobile-weberpals-sonneberg-hoenbach.de,scrap_favicon
kumonshuppan.com,clearbit
bioderma.com.hr,scrap_favicon
trulynolenalagoas.com.br,clearbit
fleishmanhillard.co.th,clearbit
fmlogistic.sk,clearbit
nikonclub.fr,clearbit
linde-gas.lv,clearbit
toyotaakkoyunlu.com.tr,clearbit
nordicpharma.co.uk,clearbit
vkf-renzel.cz,clearbit
toyotaotojen.com.tr,clearbit
bakertilly.lk,clearbit
aamcoinglewoodca.com,clearbit
bakertilly.fr,clearbit
stanbicbank.co.zm,clearbit
synlab.hr,clearbit
nestle.pl,clearbit
toyotaconstanta.ro,clearbit
toyotagoktepe.com.tr,clearbit
benu.nl,clearbit
veolia.com.sg,clearbit
renaultchiapas.com.mx,clearbit
job-impulse.hu,clearbit
bakertillylb.com,clearbit
mcvitiesindia.com,clearbit
pkffinconta.ro,clearbit
savethechildren.org.au,clearbit
ardex.dk,clearbit
plastoplan.pl,clearbit
cdvi.ch,clearbit
aamcovirginiabeachva.com,clearbit
veoliawatertechnologies.it,clearbit
mapfre.com.ni,clearbit
ford.te.ua,scrap_favicon
mazda.ua,clearbit
miniso.nc,scrap_favicon
aliaxis.cz,clearbit
airbnb.com.hk,clearbit
kiaofduluth.com,clearbit
mazda.com.ec,clearbit
europa-union-diepholz.de,scrap_favicon
greatplacetowork.lu,clearbit
airbnb.com.tw,clearbit
plameco.be,clearbit
hahn-kolb.mx,clearbit
snapologyfranchising.com,clearbit
modshair.co.nz,clearbit
abilways.be,scrap_largest
kia-asc.ru,clearbit
affidea.es,clearbit
modshair-mannheim.de,clearbit
honda-rennes.com,scrap_favicon
pirtek.ie,clearbit
isover.bg,clearbit
pingusenglish.ac.th,clearbit
kia-bachmann-wehretal.de,clearbit
ardex.com.tw,clearbit
kia-brass-frankfurt.de,clearbit
brother.com.br,clearbit
svnchicagopm.com,clearbit
bakertilly-ca.com,clearbit
wwfchina.org,clearbit
medef-essonne.org,clearbit
wordans.de,clearbit
mazda-autohaus-schmidt-meschede.de,clearbit
carglass.si,clearbit
storisell.com,clearbit
isover.sk,scrap_favicon
linak-latinamerica.com,clearbit
engenmauritius.com,clearbit
decathlon.ro,clearbit
aamcoglendaleoldtown.com,clearbit
decathlon.pl,clearbit
subaru.com.np,clearbit
mazda-autohaus-weber-magdeburg.de,clearbit
dulux.co.zw,clearbit
kilewswest.com,clearbit
mazda-tarnowskiegory-mirai.pl,clearbit
hyundai.ge,clearbit
vans.es,clearbit
servier.hu,clearbit
childrenandteendentalfl.com,clearbit
humanasecondhand.se,clearbit
subaru.com.pa,clearbit
mazda-autohaus-hansmann-melsungen.de,scrap_favicon
advocarenewbornnetwork.com,clearbit
toyotabucurestinord.ro,clearbit
intersport.fi,clearbit
ikea.co.id,clearbit
remax-go.com.ar,clearbit
castsoftware.it,clearbit
lvs-oxford.org.uk,clearbit
wurth.hu,clearbit
veoliawatertechnologies.de,clearbit
jll.co.kr,clearbit
adeccome.com,clearbit
promat.ch,clearbit
msd-animal-health.pt,clearbit
aamcomorristown.com,clearbit
kia-gj-remagen-rolandseck.de,clearbit
bbraun.co,clearbit
hertz.com.ge,clearbit
worldvision.al,clearbit
netterden.com,clearbit
hansa-flex.com.cn,clearbit
crif.cz,clearbit
buydaikin.ro,scrap_favicon
titancontainers.co.nz,clearbit
landi.swiss,clearbit
entergy-neworleans.com,clearbit
trisa.bg,clearbit
wurthindustry.ca,clearbit
toyotamezcar.com.tr,clearbit
carglass.hr,clearbit
experian.in,clearbit
nikon.com.sg,clearbit
aamcoelpaso-east.com,clearbit
regalsprings.com.mx,clearbit
lindeoilandgas.com,scrap_favicon
kia-diamant-wiesbaden.de,clearbit
landermitsubishi.com.au,clearbit
mazda112.com,clearbit
toyotatokullar.com.tr,clearbit
nestle.at,clearbit
demeter-im-norden.de,clearbit
pkfgf.co.nz,clearbit
aamcoalexandriava.com,scrap_favicon
babble.com,clearbit
linde-gas.com,clearbit
orange.cm,clearbit
santillana.com.sv,clearbit
aamcowarrenmi.com,clearbit
ohb-system.de,clearbit
renault-argenteuil.fr,clearbit
toyota-s.co.il,clearbit
europa-union-thueringen.de,clearbit
zalando.ee,scrap_favicon
aamcomesacountryclub.com,clearbit
logmaxbr.com.br,clearbit
mtn.co.rw,clearbit
ophitusa.com,clearbit
allianz-peev.de,clearbit
mazda-autocentrum-engin-holzminden.de,scrap_favicon
notairespirletboinet.be,clearbit
pilotpen.co.th,clearbit
mazdaofescondido.com,clearbit
tbwa.co.nz,clearbit
bakertilly.cl,clearbit
flashbay.no,clearbit
wwf.or.th,clearbit
hollandandbarrett.com.mt,clearbit
synlab.de,clearbit
meyersound.de,clearbit
modshair-braunschweig.de,clearbit
processcommunicationmodel.sk,clearbit
pepsico.sa,failed
casaaurorasupermercados.com.br,failed
spitexstaefa.ch,scrap_favicon
aamcowestpalmbeach.com,clearbit
culliganmichigan.com,clearbit
glintinc.com,clearbit
miniso-au.com,clearbit
pepsico.com.tr,failed
renaultcancun.com.mx,clearbit
alten-consulting.de,clearbit
moore.es,clearbit
anderson-negele-gmbh.ru,clearbit
wuerth.co.jp,clearbit
bakertilly.se,clearbit
spitexmuri.ch,scrap_favicon
nissantireadvantage.com,clearbit
chauffeurstelefoon.nl,clearbit
smittysmb.ca,clearbit
habitatns.ca,clearbit
schaumann.it,scrap_favicon
metlife.cl,clearbit
linde.bo,clearbit
nestle.ro,clearbit
benu.lv,clearbit
hofmann-personal.cz,clearbit
zkteco.com.eg,clearbit
shahshalalfood.com,clearbit
esseskincare.no,clearbit
mazda-autohaus-kramer-kirchberg.de,clearbit
aamcotempe.com,clearbit
wheystore.vn,clearbit
shimadzu.in,clearbit
nexi.hr,clearbit
wurth.com.do,clearbit
aamcosantarosa.com,clearbit
veolia.com.gh,clearbit
metlife.com.au,clearbit
mazda.al,scrap_favicon
murrelektronik.fi,clearbit
bowlero.mx,clearbit
spitex-region-zofingen.ch,scrap_favicon
invisalign.co.il,scrap_favicon
linde-healthcare.nl,clearbit
sothebysrealty.ae,scrap_favicon
axa-assistance.pl,clearbit
daikinitalyshop.it,scrap_largest
pingusenglish.ps,clearbit
mazdaofwestridge.com,clearbit
aamconewwindsor.com,clearbit
baywa-re.pl,clearbit
renaultinterlomas.com,scrap_favicon
spitex-flawil-degersheim.ch,clearbit
culliganwatercorrections.com,clearbit
aamcowoodbridgeva.com,clearbit
mazdaofpoughkeepsie.com,clearbit
daikineastafrica.com,clearbit
mazda-autohaus-w-k-kamen.de,clearbit
chicco.com.ua,clearbit
bbraun.pt,clearbit
aamcogastonianc.com,clearbit
aonsolutions.com.tr,scrap_largest
aamcosignalhill.com,clearbit
overheaddoormankato.com,clearbit
esseskincare.nl,clearbit
actemium.us,clearbit
bbraun.ru,clearbit
allianzlifechanger.com,scrap_favicon
aamcoathensga.com,scrap_favicon
engiemiddleeast.com,clearbit
globalconnect.dk,clearbit
wwf.es,clearbit
bakertilly.it,clearbit
culliganchampaign.com,clearbit
culligandelavan.com,scrap_favicon
intersport-arvieux.com,clearbit
zkteco.co.za,clearbit
aamco-taylorsvilleut.com,scrap_favicon
aamcokcnorth.com,clearbit
einhell.ch,clearbit
linexswfl.com,clearbit
hertz-autopozicovna.sk,scrap_favicon
julis-mfr.de,clearbit
renaultcoatzacoalcos.com.mx,clearbit
daikin.ch,clearbit
veoliawatertech.com,clearbit
subaru.com.tr,clearbit
shimadzu.com.ph,clearbit
hansa-flex.at,clearbit
sixty8.ro,clearbit
bosch-pt.com.au,clearbit
minisocr.com,clearbit
spie.be,clearbit
mazda.com.sg,clearbit
secureparking.com.kh,clearbit
powerint.cn,clearbit
fmlogistic.pl,clearbit
pkf.sk,clearbit
engie.sk,clearbit
bosch-homecomfort.com,clearbit
duracleancarpet.com,clearbit
mazdaofnorthmiami.com,clearbit
renaultsprings.co.za,clearbit
nutricia.de,clearbit
canon.cl,clearbit
pkflesotho.com,clearbit
honda.com.ng,clearbit
mazda-autohaus-tietje-holmb-wedel.de,scrap_favicon
nobleprog.es,clearbit
servier.cz,clearbit
daikin.rs,clearbit
truckcityford.com,clearbit
mazda.si,clearbit
tapflo.co.za,clearbit
bakertilly.com.cy,clearbit
spitexbuchs.ch,scrap_favicon
linak.kr,clearbit
avis.com.do,clearbit
greatplacetowork.mu,clearbit
toyota-saint-victoret.com,clearbit
mazdaofchicagoland.com,clearbit
aamcophilly-frankfordave.com,clearbit
mazda-warszawa-auto2000.pl,clearbit
wurth-int.com,clearbit
isic.fr,clearbit
ebay.com.hk,clearbit
servier.com.br,clearbit
mazda-autohaus-engelbart-delmenhorst.de,scrap_favicon
aamcopennsaukennj.com,clearbit
toyota-bornholm.dk,scrap_largest
atalian.sk,clearbit
indiancancersocietybangalore.org,clearbit
pragroup.at,clearbit
ccusa.ca,clearbit
ardex.de,clearbit
ymcachicago.org,clearbit
axa.ma,clearbit
crocs.pl,clearbit
allianz-handwerker.de,clearbit
toyotamici.com.tr,scrap_favicon
amnesty.hu,clearbit
whirlpool.com.hk,clearbit
spitex.sg,clearbit
aamconewportnews.com,clearbit
duracleanrestoration.com,clearbit
metlife.com.cy,clearbit
pilotpen.co.uk,clearbit
toyotaelpa.com.tr,clearbit
veolia.sk,clearbit
kia-kurt-recklinghausen.de,clearbit
kia.com.np,clearbit
albatroslogistic.ma,clearbit
intersport-risoul.com,clearbit
ebay.co.kr,clearbit
fleishmanhillard.com.br,clearbit
wurth.com.mk,clearbit
nestle.se,clearbit
mazda-autohaus-wedding-engelskirchen-albertsth.de,clearbit
murrelektronik.se,clearbit
mazda-autohaus-trumpf-wimmelburg.de,clearbit
mercyships.de,clearbit
stampinup.ca,clearbit
nobleprog.com.eg,clearbit
ebay.fr,clearbit
daikinmalaysia.com,clearbit
carglass.lt,clearbit
papajohnsquebec.ca,scrap_favicon
dennert.pl,clearbit
budget.co.ao,clearbit
aamcotigard.com,clearbit
mazda-autohaus-gruendel-doerth.de,scrap_favicon
renaultamericas.com.mx,clearbit
renault-materom.ro,clearbit
kesz.rs,clearbit
kiaofpa.com,clearbit
mercyships.fr,clearbit
mazda-autohaus-tillack-perleberg.de,clearbit
murrelektronik.uk,clearbit
pirtek.se,clearbit
carglass.dk,clearbit
brother-industrial.com,clearbit
enterpriserentacar.pl,clearbit
renault.com.my,clearbit
mazda-autohaus-misch-uebach-palenberg.de,clearbit
culliganregina.com,clearbit
airbnb.co.in,clearbit
servier.co.za,clearbit
bakertilly.mt,clearbit
aamcoseattlewa.com,clearbit
rubiomonocoatusa.com,clearbit
vbh.hr,clearbit
pkf.com.tr,clearbit
mazda-autohaus-suedring-datteln.de,clearbit
repsol.com.mx,clearbit
jll.lu,clearbit
europa-union-bremen.de,scrap_favicon
eurotradus.eu,clearbit
printsasia.com,clearbit
culliganwt.com,clearbit
arkaybeverages.com,clearbit
virtual-reality.school,clearbit
myfamily.ca,clearbit
pkf.jo,clearbit
linde-gas.no,clearbit
kia-penning-zetelneuenburg.de,clearbit
intersport.hu,clearbit
isover.cz,clearbit
shimadzu-rika.co.jp,clearbit
mazda-autohaus-lohmann-kreuztal.de,scrap_favicon
dairyqueenobx.com,scrap_favicon
aamcoastoria.com,clearbit
vkf-renzel.fr,clearbit
daikinqatar.com,clearbit
savethechildren.org.ph,clearbit
actemium.sk,clearbit
manpowergroup.ca,clearbit
spitexow.ch,clearbit
europa-union-niedersachsen.de,scrap_favicon
pkfmalta.com,clearbit
daikin.com.mx,clearbit
boschtools.com,clearbit
vans.com.au,clearbit
kiacadca.sk,clearbit
besins-healthcare.com.mx,scrap_favicon
mapfre.com.sv,clearbit
dulux.ie,clearbit
linexofchickasha.com,clearbit
gs1.at,clearbit
spitex-linth.ch,clearbit
svnvanguardla.com,clearbit
berlitz.com.py,clearbit
mazda-automobile-maier-cham.de,clearbit
chicco.com.tw,clearbit
nestle-mena.com,clearbit
aiesec.ba,clearbit
titancontainers.dk,clearbit
murrelektronik.es,clearbit
toyotasamlioglu.com.tr,clearbit
astrazeneca.no,clearbit
engieservices.us,clearbit
aamconorthtampa.com,scrap_favicon
thebodyshop.com.tr,clearbit
kumon.com.hk,clearbit
carlsjr.com.my,clearbit
spitex-wuerenlos.ch,scrap_favicon
ebay.pl,clearbit
orange.co.bw,clearbit
altenusa.com,clearbit
medef-beziers.fr,clearbit
pkf.dk,clearbit
kia-koenig-teltow.de,scrap_favicon
culliganmidmichigan.com,clearbit
aamcosouthloopautorepair.com,clearbit
globalconnect.de,clearbit
deheus.pl,clearbit
gs1hu.org,clearbit
toyota.com.kh,clearbit
toyota-indus.com,clearbit
kia-vogt-finningen.de,clearbit
linde-gas.es,clearbit
isover.it,clearbit
goliathgames.com,clearbit
sprachcaffe-muenchen.com,scrap_favicon
culligansouthwest.com,clearbit
plastoplan.rs,clearbit
pkfcr.co.nz,clearbit
renaultselection.co.za,clearbit
hondaheritagecenter.com,clearbit
tupperware.be,clearbit
foxinabox.mx,clearbit
mazdacorpuschristi.com,clearbit
intersport.ch,clearbit
shopee.co.th,clearbit
spitexlauchetal.ch,scrap_favicon
roca.it,scrap_favicon
bioderma.ec,clearbit
dopplerumbrellas.com.au,clearbit
honda-villebon.com,scrap_favicon
remax-pinneberg.de,scrap_favicon
reedglobal.sg,scrap_favicon
nobleprog.ae,clearbit
thelab.id,clearbit
allianz-spm.fr,failed
meggle-cheese.com,clearbit
job-impulse.es,clearbit
melgarcases.com,clearbit
ovb.at,clearbit
pirtek.de,clearbit
nestle-caribbean.com,clearbit
veolia.cz,clearbit
kuestarubber.com,scrap_favicon
mazdaoforlandpark.com,scrap_favicon
avia-ramonville.fr,clearbit
nestle.si,clearbit
renault-beaulieu.fr,scrap_favicon
synergiejobs.at,clearbit
remax-buchholz.de,scrap_favicon
bakertilly.com.kh,clearbit
vans.nl,clearbit
avon.com.sa,clearbit
eurochem-na.com,clearbit
mazdalanka.lk,scrap_favicon
mazda-autohaus-bolluck-goslar.de,clearbit
skssweden.se,clearbit
toyotayoruk.com.tr,clearbit
skoda-clermontferrand.fr,scrap_favicon
culliganlacrosse.com,clearbit
culliganromeo.com,clearbit
aamcoalbuquerque.com,clearbit
kiaofverobeach.com,clearbit
fleishmanhillard.mx,clearbit
cfmoto.com.br,clearbit
renaultpuertovallarta.com.mx,scrap_favicon
carlsjr.co.nz,clearbit
servier.si,clearbit
veka.com.sg,clearbit
aamcocentraltampa.com,clearbit
lidl-immobilien.de,scrap_favicon
asieris.com,clearbit
takab.nu,clearbit
howdengroupholdings.com,clearbit
toyotaefe.com.tr,clearbit
honda-melun.com,clearbit
mazda-autohaus-ruettiger-wallduern.de,scrap_favicon
komoder.com,clearbit
aamcotwinfalls.com,clearbit
culliganmarlette.com,clearbit
cuponesybeneficios.com.co,scrap_favicon
kia.com.cy,clearbit
bonprix.fi,scrap_favicon
funiber.ml,clearbit
affidea.gr,clearbit
julis-stuttgart.de,clearbit
yves-rocher.it,clearbit
greatplacetowork.be,clearbit
lindt.cz,clearbit
allianzgloballife.com,clearbit
mazda-autohaus-hamester-hamburg-bergedorf.de,scrap_favicon
foxinaboxlondon.uk,clearbit
kelloggs.gr,clearbit
cdlvideira.com.br,scrap_favicon
kiavacaville.com,clearbit
experian.co.nz,clearbit
aamcostatenisland.com,clearbit
bbraun.lv,scrap_favicon
habitat.hu,clearbit
mateco.mx,scrap_favicon
sephora.dk,clearbit
captrain.pl,clearbit
nestle.com.ve,clearbit
novonordisk.my,clearbit
toyotayatumugla.com.tr,clearbit
kiaofstcatharines.com,clearbit
kia-daehn-goeritz.de,scrap_favicon
nissanofopelousas.com,clearbit
toyotasud.ro,clearbit
bauder.nl,clearbit
niproaustralia.com.au,clearbit
spg-motoren.de,scrap_favicon
wurth.ae,clearbit
kiajc.com,scrap_favicon
murrelektronik.in,clearbit
softland.com.mx,clearbit
jll.com.lk,scrap_favicon
toyotaparmaksizlar.com.tr,clearbit
mazda.bg,scrap_favicon
mitsubishielectric.com.sg,clearbit
lidl-voyages.fr,clearbit
mazda-autohaus-wagner-dortmund.de,clearbit
nelsonlabsbozeman.com,clearbit
toyotaalbay.com.ph,clearbit
daikinbahrain.com,clearbit
cdvi.de,clearbit
stoitalia.it,clearbit
bakertilly.no,clearbit
aiesecaustralia.org,clearbit
wolterskluwer.dk,clearbit
renault-fama.be,clearbit
stawag-energie.de,clearbit
whirlpool.com.sg,clearbit
savethechildren.nl,clearbit
mazda.gr,scrap_favicon
sitech-ohio.com,clearbit
cvjm-nuembrecht.de,clearbit
freseniuskidneycare.cn,failed
vkf-renzel.bg,clearbit
tapflo.it,clearbit
aamcobearde.com,scrap_favicon
bbraun.hr,clearbit
sanlorenzo.com.pe,clearbit
wolterskluwer.com.my,clearbit
daikindevice.cz,clearbit
kia-schmid-hoehenkirchen.de,clearbit
aamco-chesapeakeva.com,clearbit
duracleanmaine.com,clearbit
allianz.ua,failed
stocanada.com,clearbit
culliganbrighton.com,clearbit
vectorinfotech.my,clearbit
mazda-autohaus-berlenbach-bergischgladbach.de,clearbit
cfmotoqueretaro.com,scrap_favicon
bonprix.se,clearbit
unglobalcompact.ca,clearbit
lamborghini-berlin.com,clearbit
bbraun.co.kr,clearbit
aamcowsa.com,clearbit
pefc.be,clearbit
daikinmea.com,clearbit
victorsport.com.tw,clearbit
specialolympics.com.au,clearbit
servier.es,clearbit
mazda-autohaus-eisele-langenau.de,clearbit
daikinchemicals.com,clearbit
kentmaster.nz,clearbit
mapfre.com.py,clearbit
pkfcaribbean.com,scrap_favicon
avisng.com,clearbit
holidayland-friedrichshafen.de,scrap_favicon
aamcolasvegas.com,clearbit
aamcooaklandca.com,clearbit
greatplacetowork.com.vn,clearbit
titancontainers.us,clearbit
menicon.nl,clearbit
jscosccha.com,clearbit
toyota-marseille.com,clearbit
isuzu.com,clearbit
toyotaalbania.al,scrap_favicon
pefc.es,clearbit
gulfoilltd.com,clearbit
decathlon.cz,clearbit
anotherbrokeneggfranchise.com,clearbit
culliganricelake.com,clearbit
mazda-autohaus-witthoeft-bad-oldesloe.de,clearbit
aamcocorvallisor.com,scrap_favicon
chicco.fr,clearbit
bauwerk-group.hr,clearbit
mazdaofportcharlotte.com,clearbit
renault-tessenderlo.be,clearbit
bakertilly.ba,clearbit
linde-medica.es,scrap_favicon
mazda-autohaus-roeser-grossmaischeid.de,clearbit
kiamotors.com.kh,scrap_favicon
aamcooklahomacity-edmond.com,clearbit
fleishmanhillard.ie,clearbit
spitex-regiokirchspiel.ch,scrap_favicon
medef-aude.com,clearbit
aamcotracyca.com,clearbit
mazdaofcolumbia.com,clearbit
sourceadvisors.co.uk,clearbit
inductotherm.ca,clearbit
culliganmarion.com,clearbit
kiaofoldsaybrook.com,clearbit
acetoolonline.com,clearbit
sprachschule-aktiv-kaiserslautern.de,clearbit
cdvi.se,clearbit
adra.pl,clearbit
duracell.in,clearbit
engieindia.com,clearbit
hometowninsurance.us,clearbit
aamcobaltimore-pulaskihwy.com,clearbit
honda-angouleme.com,clearbit
culligancountry.com,clearbit
educab.com.au,clearbit
faesfarma.com.co,clearbit
equans.cz,clearbit
bakertilly.pk,clearbit
aamcopembroke.com,scrap_favicon
stosignature.com,clearbit
toyota.bo,clearbit
isic.it,clearbit
kia-fischer-cottbus.de,clearbit
enterprise.si,clearbit
fmlogistic.com.br,clearbit
mitsubishi-motors.qa,clearbit
nestle.no,clearbit
sonepar.pt,clearbit
263.net.cn,clearbit
crocs.cl,clearbit
mediqdirekt.de,clearbit
saint-gobain.bg,clearbit
equans.cl,clearbit
aamcophoenixnortheast.com,scrap_favicon
budget.rs,clearbit
hondasevilla.net,clearbit
lunarclient.com,clearbit
mazda-autohaus-klein-bietigheim-bissingen.de,clearbit
savethechildren.mn,clearbit
asendia.de,clearbit
aamcoeuless.com,clearbit
zalando.pl,clearbit
toyotatoyan.com.tr,clearbit
spitex-emmen.ch,scrap_favicon
rsm.lu,clearbit
mazdaofsouthcharlotte.com,clearbit
holidayland-sanktwendel.de,scrap_favicon
budgetinternational.com,clearbit
bakertilly.uy,clearbit
menicon.es,clearbit
shopee.com.my,clearbit
seqens.fi,clearbit
culliganiowa.com,clearbit
aamcoaloha.com,clearbit
spitex-buchs.ch,scrap_favicon
allianzportugal.pt,failed
bioderma-india.in,clearbit
lindegas.hu,clearbit
servier.vn,clearbit
kia-kroppen-herten.de,clearbit
gallant-ocean.com.tw,scrap_largest
hertz.am,clearbit
rotaryclubmedellin.org,clearbit
toolstationjobs.be,clearbit
fosterfarmsfoodservice.com,clearbit
culliganwaterbillings.com,scrap_favicon
fronticsamerica.com,clearbit
bakertillyeg.com,clearbit
toyotasouthern.com,clearbit
subaru.lu,clearbit
kumon.com.co,clearbit
toyotahizel.com.tr,clearbit
saint-gobain-glass.co.uk,clearbit
vbh.hu,clearbit
synergie.es,clearbit
toyotaploiesti.ro,clearbit
aamcosantacruzca.com,clearbit
vkf-renzel.nl,clearbit
pkfcabrera.com,clearbit
pkf.ch,clearbit
cazenovecapital.com,clearbit
flashbay.hu,clearbit
premiumproperties.com,clearbit
kia-schunke-aurich.de,scrap_favicon
honda.com.hk,clearbit
orange.cd,clearbit
aamcoscottsdaleroad.com,clearbit
nikonlenswear.cn,scrap_largest
toyotaboranlar.com.tr,clearbit
yves-rocher.at,clearbit
chicco.com.ph,clearbit
spitex-meggen.ch,scrap_favicon
mazda-autohaus-bayer-goessweinstein.de,scrap_favicon
aiesec.cl,clearbit
chicco.ch,clearbit
zalando.ch,clearbit
mazda-autohaus-ehrlich-aschaffenburg.de,scrap_favicon
cubcadet.fr,clearbit
vendhq.com,clearbit
tapflo.kz,clearbit
xwiftracingevents.be,clearbit
daikin.fi,clearbit
grantthornton.sk,clearbit
culliganofnashville.com,clearbit
duracell.com.tr,clearbit
moore-czech.cz,clearbit
nutricia.pt,clearbit
intersport-crestvoland.com,scrap_favicon
culliganporthuron.com,clearbit
ikea.is,clearbit
starbucks.com.sg,clearbit
kelloggs.no,clearbit
ikea.com.do,clearbit
saint-gobain.com.co,clearbit
nexi.gr,scrap_favicon
bbraun.dk,clearbit
inductothermhw.com,clearbit
pkfuae.com,clearbit
bakertilly.ma,clearbit
yves-rocher.se,clearbit
honda-autoland.com,clearbit
amnesty.lu,clearbit
allthingswater.com,clearbit
mazda-autohaus-schmidt-oschatz.de,clearbit
autosecuritas-passins.fr,scrap_favicon
carlsjr-russia.ru,clearbit
ikea.com.tw,clearbit
deheus.rs,clearbit
starkey.co.uk,clearbit
promstahl.de,clearbit
internationalsos.co.jp,clearbit
aamcofremontca.com,clearbit
mtn.ci,clearbit
mazda-autohaus-gerhard-figge-waldeck-hoeringhausen.de,clearbit
cdvielectronics.com,scrap_favicon
gulf.no,clearbit
berlitzmanchester.com,clearbit
risogallo.it,clearbit
dulux.com.sg,clearbit
subway.com.tw,clearbit
kumon.cl,scrap_favicon
monster.ie,clearbit
daikin-manufacturing.de,clearbit
kamic.fi,clearbit
msd.es,clearbit
bbraun.co.in,clearbit
aamcowebstertx.com,clearbit
stanleyelectricus.com,clearbit
aamcoglendalearrowhead.com,clearbit
future-x.at,clearbit
worldoptionsgh.com.au,clearbit
actemium.id,clearbit
tracybookshop.com,clearbit
spitex-zimmerberg.ch,clearbit
santander.com.uy,clearbit
ecaas.com,clearbit
affresco-decor.com,scrap_favicon
misterwhat.de,clearbit
goliathgames.de,clearbit
aamcohouston-veteransmemorial.com,clearbit
synergie.pt,clearbit
honda-larochelle.com,scrap_favicon
crocs.co.nz,clearbit
flashbay.pt,clearbit
aamcodovernj.com,clearbit
mazda-autohaus-schmidt-grossenhain.de,scrap_favicon
cdlcampina.org.br,clearbit
aamcoscottsdaleairpark.com,clearbit
aamcodallastx.com,scrap_favicon
jungheinrich.co.za,clearbit
wuerth.co.th,clearbit
cvjm-augsburg.de,scrap_favicon
remaxcrystal.com,clearbit
kiaofwestchester.com,clearbit
decathlon.com.br,clearbit
edenred.com.ar,clearbit
mazdaofmidland.com,clearbit
davesmithfordonline.net,clearbit
petercem-sensors.com,scrap_favicon
reallifeconcepts.co.za,clearbit
manpowergroup.pt,clearbit
hansa-flex.com.pl,clearbit
medef-vendee.fr,clearbit
hendersonkyedc.com,clearbit
culligantucson.com,clearbit
tryg.com,clearbit
spitex-rotbachtal.ch,scrap_favicon
aamcohuntingtonbeachca.com,scrap_favicon
unglobalcompactghana.com,clearbit
aamcobakersfield-unionave.com,clearbit
linde-amt.com,clearbit
veolia.cn,clearbit
mitsubishielectric-printing.com,clearbit
linak.de,clearbit
mcdonalds.com.jo,clearbit
oaklandwoodfloors.net,failed
allbranded.de,clearbit
nobleprog.com.ar,clearbit
venturelightingme.com,clearbit
linak.cz,clearbit
aonsolutions.gr,scrap_favicon
mazda-warszawa-nivette.pl,clearbit
tupperware.fr,clearbit
adra.fr,clearbit
kewpie.com.sg,clearbit
mercyships.ch,clearbit
bosch-homecomfortgroup.com,clearbit
actemium.de,clearbit
paybase.netlify.app,clearbit
intersport.dk,clearbit
mazda-autohaus-dittrich-genthin-huettermuehle.de,scrap_favicon
acurasouthpoint.com,clearbit
culligangeneva.com,clearbit
aamcowoodstock-mainst.com,clearbit
trulynolengoias.com.br,scrap_favicon
baywa-re.mx,clearbit
altenromania.ro,clearbit
pirtek.eu,clearbit
tupperwarefiesta.com,clearbit
euromaster.cz,clearbit
mazda-autohaus-schneider-sondershausen.de,clearbit
bbraun-vetcare.nl,scrap_favicon
nestle.hr,clearbit
mazda-autohaus-rottmann-bottrop.de,clearbit
cvjm-dettingen.de,clearbit
toyotaoztoprakhatay.com.tr,clearbit
pearsonschoolsandfecolleges.co.uk,clearbit
culliganphoenix.com,clearbit
tupperware.gr,clearbit
mazda-autohaus-stoelzel-doehlau.de,clearbit
cdvibenelux.com,clearbit
mercyships.org.au,clearbit
metagenics.co.jp,clearbit
culliganillinoisvalley.com,clearbit
culliganalbionhillsdale.com,clearbit
servier.co.th,clearbit
gs1mt.org,clearbit
funiber.ci,clearbit
adra.org.pt,clearbit
furuno.fr,clearbit
ardex-france.fr,clearbit
mazda-autohaus-baumgart-altensteig.de,clearbit
kalorimeta-singen.de,clearbit
innolytics.net,clearbit
aamcohemetca.com,clearbit
astrazeneca.dk,clearbit
eurofinsfoodtesting.nl,clearbit
aamcomilwaukieor.com,clearbit
aiesec.my,clearbit
jll.fi,clearbit
allianzdarta.ie,clearbit
toyota-corbeil.fr,clearbit
adra.org.au,clearbit
saint-gobain.ar,clearbit
flesan.com.pe,clearbit
asendia.it,clearbit
daikin-korea.co.kr,clearbit
rexel.se,clearbit
aamcotransmissionpensacola.com,scrap_favicon
airbnb.com.ro,clearbit
honda-strasbourg.com,scrap_favicon
allianz.ie,clearbit
mondialparebrise.re,clearbit
carlsjr.es,clearbit
murrelektronik.it,clearbit
daikin-ce.com,clearbit
isover.de,clearbit
worldvision.org.uk,clearbit
icafalinmobiliaria.cl,clearbit
sonepar.com.sg,clearbit
daikin.si,clearbit
deheus.co.in,clearbit
sekulin-allianz.de,clearbit
toyota-montluel.fr,clearbit
sephora.gr,clearbit
miniso.com.ec,clearbit
boschautopartes.mx,clearbit
spitexrontalplus.ch,scrap_favicon
actemium.it,clearbit
holidayland-roedermark.de,clearbit
adra.org.rs,clearbit
santillana.com.bo,clearbit
goliathgames.es,clearbit
toyotakuzen.com.tr,scrap_favicon
kia-brueggemann-neubrandenburg.de,clearbit
genya.it,clearbit
engie-ecserwis.pl,scrap_favicon
funiber.ma,clearbit
monster.be,clearbit
nissanofgardencity.com,clearbit
honda-nig.com,clearbit
intersport.sk,clearbit
bakertilly.vg,clearbit
kia-bender-coburg.de,scrap_favicon
cdviplastics.com,scrap_favicon
engie-energia.pe,clearbit
mazda.com.kh,clearbit
airbnb.no,clearbit
toyota-chartres.fr,clearbit
edenred.hu,clearbit
dci.co.th,failed
avis-taiwan.com,clearbit
tescomobile.sk,clearbit
giacomini.cz,clearbit
venaenergy.co.jp,clearbit
atalian.be,clearbit
menicon.fr,clearbit
wwfcz.org,clearbit
nestle.fi,clearbit
salvationarmyeet.org,clearbit
lcvesta.nl,clearbit
bestdrive.pl,clearbit
amnesty.ie,clearbit
hertz.com.cy,clearbit
wuerth.com.ph,clearbit
metlife.com.uy,failed
richs.co.uk,clearbit
enterprise.com.ar,scrap_favicon
mercanta.de,clearbit
asendia.dk,clearbit
hyundai.sn,clearbit
fmc-symposium.cz,scrap_largest
rsmcanada.com,clearbit
nordicpharma.it,clearbit
wurth.co.ke,clearbit
howdenoze.pl,clearbit
mazda-autohaus-kopke-bendel-marl.de,clearbit
yvesrocher.com.tr,clearbit
jungheinrich.cn,clearbit
gulf-japan.com,clearbit
howdenagents.gr,scrap_favicon
nikon-mea.com,clearbit
getscsadmin.com,clearbit
aamcooverlandpark.com,clearbit
renaultmonterrey.com,clearbit
culliganofidaho.com,clearbit
nestle.do,clearbit
culligannc.com,clearbit
culliganfresnolindsay.com,clearbit
avia.hu,clearbit
grantthornton.com.pa,clearbit
honda-metz.com,scrap_favicon
funiber.cm,clearbit
affinitynonprofits.com,clearbit
kia-settele-neu-ulm.de,scrap_favicon
mantruckmerchandise.co.uk,clearbit
einhell.com.gr,clearbit
vans.fr,clearbit
nissanattheavenues.com,clearbit
kia-telke-badschlema.de,clearbit
aamcofrederickmd.com,clearbit
kia-levy-wittenberg.de,clearbit
medef79.fr,clearbit
moog.es,clearbit
santillana.com.co,clearbit
kia-dresen-neuss.de,clearbit
culligantotalwateriowa.com,clearbit
orange.ci,failed
trulynolennatal.com.br,clearbit
roca.com.ar,clearbit
pilotpen.eu,clearbit
pilotpen.com.au,clearbit
duraclean.us,clearbit
culliganwaterwyoming.com,clearbit
foxinaboxgraz.at,clearbit
eresrelocation.es,clearbit
spitexniesen.ch,clearbit
salvationarmy.org.uk,clearbit
allianz.lt,clearbit
medef-paysdelaloire.fr,clearbit
renaultecatepec.com.mx,scrap_favicon
tbwaalif.com,clearbit
kia-ds-lampertheim.de,scrap_favicon
subarusouthblvd.com,clearbit
thebodyshop.com.br,failed
bonprix-fl.be,clearbit
mazda-autohaus-albers-doerpen.de,clearbit
luxaflexproject-scandinavia.com,clearbit
vispiron.systems,clearbit
mazda-autohaus-weiss-niedernhausen.de,clearbit
mazda-autohaus-haeusler-fuerstenfeldbruck.de,scrap_favicon
heliosstrategia.pl,clearbit
gulfsverige.com,scrap_favicon
pearsonclinical.fr,clearbit
algeco.com,failed
atalian.rs,clearbit
greatplacetowork.com.ar,clearbit
pirtek.at,clearbit
mazda-service-metz-marne.de,scrap_favicon
remax-lueneburg.de,clearbit
renaultbank.es,clearbit
terradat.co.uk,clearbit
toyota-ulrichshofer.at,clearbit
inductothermgroup.jp,clearbit
grupointexa.co,clearbit
hertzhn.com,clearbit
mazda-autohaus-schindlbeck-schwandorf.de,scrap_favicon
baywa-re.com.au,clearbit
amnesty.eu,clearbit
cyclecarriage.com,clearbit
invisalign.co.uk,clearbit
linde-gas.lt,scrap_favicon
pragroup.de,clearbit
renaultpachuca.com.mx,failed
wuerth-ag.ch,clearbit
culliganillinois.com,clearbit
weidner.ca,clearbit
actemium.es,clearbit
benefitsystems.hr,clearbit
aiesec.org.es,clearbit
monster.co.uk,clearbit
vbh.lv,clearbit
jungheinrich.co.nz,clearbit
culligandesmoines.com,clearbit
greatplacetowork.com.sg,clearbit
aamcobrooklyn-atlanticave.com,clearbit
modshair-hannover.de,clearbit
mercyships.nl,clearbit
infiniti-jordan.com,clearbit
shopee.com.co,clearbit
nestle.ir,clearbit
lindehomecare.fr,clearbit
genan.com,clearbit
culligankennewick.com,clearbit
aamcolancasterca.com,scrap_favicon
habitatstl.org,clearbit
implantcenter-dentistry.co.uk,clearbit
domcortraffic.ca,clearbit
linexofstlouismo.com,clearbit
pearsonactivelearn.com,clearbit
avia-unimot.com.ua,scrap_favicon
overheaddoorriverton.com,clearbit
adecco.ie,clearbit
adeccojapanese.asia,clearbit
job-impulse.co.jp,scrap_favicon
overheaddoorcompanyjackson.com,clearbit
culliganmoseslake.com,clearbit
patheon.com,clearbit
salvationarmyconcordca.org,clearbit
lamborghini-paris.com,clearbit
mazdaofconshohocken.com,clearbit
trulynolenparaiba.com.br,scrap_favicon
jollibee.com.bn,scrap_favicon
aamcosouthtampa.com,clearbit
aliaxis.be,clearbit
desjoyaux.com.cn,clearbit
culliganbetterwater.com,clearbit
mazda-autohaus-grasdanner-holzkirchen.de,scrap_favicon
spitex-see-lac.ch,clearbit
veolia.de,clearbit
louisdepoorterestore.com,clearbit
pkfboston.com,clearbit
dolcevita.ca,clearbit
aiesecargentina.org,clearbit
mapfre.com.uy,clearbit
skoda-metz.fr,scrap_favicon
amway.ch,clearbit
pkfkerikeri.co.nz,clearbit
toyota-evreux.fr,clearbit
carlsjr.com.tr,clearbit
starkeypro.com,clearbit
intersport-gros.de,clearbit
flashbay.fi,clearbit
mazda-autohaus-kalina-gelsenkirchen.de,clearbit
lidl.lv,clearbit
infiniti.com.tw,clearbit
carglass.ee,clearbit
deprag.cz,clearbit
toyotayigitvar.com.tr,clearbit
aamcocharlottesville.com,clearbit
compo.pl,clearbit
funiber.it,clearbit
medef-nouvelle-aquitaine.fr,clearbit
aamcoyumaaz.com,clearbit
bakertilly.ng,clearbit
fitness4homesuperstore.com,clearbit
cinnabonrussia.com,clearbit
culliganofpeoria.com,clearbit
protectourwinters.de,clearbit
cleijsenautoschadegoirle.nl,clearbit
greatplacetowork.com.tr,clearbit
polarysgroup.eu,clearbit
bakertillysek.se,clearbit
johcm-ukconference.com,scrap_favicon
extremeadventureraces.com,clearbit
plameco-rheinsieg.de,clearbit
mazda.com.tw,clearbit
airbnb.nl,clearbit
vbh.cz,clearbit
camesoluciones.com,clearbit
canon.com.br,clearbit
edenred.fi,clearbit
analytik-jena.fr,clearbit
bonprix.jobs,clearbit
miniso-home.ro,clearbit
modshair-koeln-lindenthal.de,clearbit
norauto.com,clearbit
subaru.mt,clearbit
hydroscand.co.ua,clearbit
servier.nl,clearbit
lidl.lu,clearbit
isover.lv,clearbit
medef-anjou.fr,clearbit
servier.ru,clearbit
aamcolakeforestca.com,scrap_favicon
einhell.de,clearbit
shelterstation.com.au,clearbit
aleris-pp.dk,scrap_favicon
mazda-bcrmotors.ru,clearbit
monster.se,clearbit
ardexbuildingproducts.ie,clearbit
aamcomurraysouthsaltlakecity.com,clearbit
teknoware.ae,clearbit
aad-insurance.com,failed
greatplacetowork.pt,clearbit
sto.hu,clearbit
dulux.com.my,clearbit
pkf.swiss,clearbit
infiniti-azerbaijan.com,clearbit
servier.ge,clearbit
overheaddoorfayetteville.com,clearbit
demeterschmid.de,clearbit
aamcoeugeneor.com,clearbit
sephora.pt,clearbit
renaultzaragoza.com,clearbit
habitatvietnam.org,clearbit
isuzu.net.my,clearbit
culligantotalwaterbaraboo.com,clearbit
budgetoman.com,clearbit
kia-ebner-baienfurt.de,scrap_favicon
toyotacetas.com.tr,scrap_favicon
nikon.co.th,clearbit
mazda-autohaus-hoeffner-clausen.de,scrap_favicon
pepsico.com.pk,failed
bbraun.com.tr,clearbit
duracell.es,clearbit
moorestoke.co.uk,clearbit
svncredit.ro,clearbit
acuraofwappingersfalls.com,clearbit
rexel.it,clearbit
mitsubishi-motors.at,clearbit
veka.bg,clearbit
kia-guadeloupe.com,scrap_favicon
ymcaokc.org,clearbit
renault-chihuahua.com,scrap_favicon
aamcofontanaca.com,clearbit
aamco-corpuschristi.com,clearbit
toyotabeerens.be,scrap_favicon
isover.com.ar,clearbit
gloriasportsarena.com.tr,clearbit
veolia.es,clearbit
advocarewdp.com,clearbit
bbraun.hu,clearbit
pefc.dk,clearbit
gjw-sachsen.de,clearbit
abc-autoglas.de,clearbit
atalian.sg,clearbit
grantthornton.az,clearbit
statkraft.com.br,clearbit
msd-animal-health.es,clearbit
aamcowarrentonva.com,clearbit
path-solutions.com,clearbit
wwf.org.nz,clearbit
nestle.co.nz,clearbit
meggle.de,clearbit
tupperware.com.vn,clearbit
aamcobakersfield-whiteln.com,clearbit
pixibeauty.co.uk,clearbit
mazda.co.za,clearbit
gulf.lu,clearbit
mtn.com.af,scrap_favicon
pearson.com.hk,clearbit
sofrecogroup.com,clearbit
algeco.at,clearbit
bioderma.pl,clearbit
oilfieldequipments.us,scrap_favicon
athora.nl,clearbit
mersen.jp,clearbit
culliganuppercumberland.com,clearbit
bakertilly.com.ve,clearbit
medefloire.fr,clearbit
invisalign.fr,clearbit
misterwhat-au.com,scrap_favicon
zkteco.com.pk,clearbit
toyotaaydogan.com.tr,clearbit
subwayburbank.com,clearbit
esseskincare.se,clearbit
digilite.com.au,clearbit
aamcoconcord.com,clearbit
intersport-courchevel1550.com,scrap_favicon
ibc-solar.es,clearbit
servier.pl,clearbit
aamcomorrisvillepa.com,clearbit
mazda-warszawa-odyssey.pl,clearbit
bauermedia.no,clearbit
airbnb.com.bo,clearbit
hyrox.es,clearbit
toyotaderinderekocak.com.tr,clearbit
dilmahtea.co.uk,clearbit
mazdaofalexandria.com,clearbit
siebtechnik-tema.co.uk,clearbit
reedglobal.ae,clearbit
rotary6450.org,clearbit
atalian.cz,clearbit
linexofjoliet.com,clearbit
soventix.cl,clearbit
greatplacetowork.com.ve,clearbit
kantar.com.tw,clearbit
aamco-omahanorth.com,clearbit
wingarc.com.au,clearbit
leekeswindows.co.uk,clearbit
ford.lviv.ua,scrap_favicon
pkfve.com,clearbit
airbnb.ba,clearbit
aquatherm-belux.be,clearbit
papajohns.ma,scrap_favicon
kia-ahs-roehrnbach.de,clearbit
takeda.nl,clearbit
metlife.com.ar,clearbit
aamcosanrafaelca.com,clearbit
mazda-autohaus-goedde-meschede.de,clearbit
linak.es,clearbit
europa-union-havelland.de,clearbit
aamcocapistranobeachca.com,scrap_favicon
wwf.ro,clearbit
aamcofuquayvarinanc.com,clearbit
culliganwheaton.com,clearbit
toyotaaykon.com.tr,clearbit
funiber.us,clearbit
renault-guilers.fr,scrap_largest
servier.bg,clearbit
aeccglobal.co.th,clearbit
kiamotors.com.co,clearbit
cdljatai.com.br,clearbit
pkf-dominicana.com,scrap_favicon
isic.bg,clearbit
nordicpharma.de,clearbit
aamcolaurelmd.com,clearbit
mazda-autohaus-ahb-gotha.de,clearbit
wwf.at,clearbit
ccusa.cz,clearbit
cfmotobenelux.eu,clearbit
renaultpatriotismo.com.mx,clearbit
pragroup.fi,clearbit
manpower.co.za,clearbit
asendiausa.com,clearbit
bcurelaser.co.il,clearbit
cdvi.ca,clearbit
jungheinrich.com.au,clearbit
dmcihomes.jp,failed
pingusenglish.com,clearbit
daikin.ru,clearbit
chicco.com.mx,clearbit
mazda-wroclaw-jaremko.pl,clearbit
murrelektronik.com.cn,clearbit
wurth.co.nz,clearbit
airbnb.dk,clearbit
medef71.com,clearbit
bauder.ag,clearbit
allianz-sebastiankoch.de,clearbit
toyotayatubodrum.com.tr,clearbit
vitalsauna.eu,clearbit
bimeda.ie,clearbit
mitsubishi-motors.pt,clearbit
veolia.be,clearbit
mazda-wroclaw-wrobel.pl,clearbit
glamsmile.be,clearbit
toyota.com.mt,clearbit
menicon.sg,clearbit
esseskincare.dk,clearbit
culligangrandisland.com,scrap_favicon
tenneco.co.jp,clearbit
murrelektronik.com.tr,clearbit
aamcocoronaca.com,scrap_favicon
eftech-international.com,clearbit
mazda-autohaus-friedmann-steinfeld.de,scrap_favicon
wuerth-gruppe.ch,clearbit
aamcospringfieldoh.com,clearbit
culliganreno.com,clearbit
mateco.ro,clearbit
greatplacetowork.co.il,clearbit
toyotasanpablo.com.ph,clearbit
culliganofmerrillville.com,clearbit
edenred.pl,clearbit
mazda.nl,clearbit
starkey.co.kr,failed
isuzubarcs.hu,scrap_favicon
aamcotransmissionsknoxville-kingstonpike.com,scrap_favicon
spp.cz,clearbit
yves-rocher.ch,clearbit
aamcokellertx.com,scrap_favicon
esseskincare.fi,clearbit
aamcoeastonpa.com,clearbit
keytitlegroupsa.com,clearbit
habitativ.org,clearbit
veolia.jp,clearbit
fmlogistic.it,clearbit
reedglobal.com.mt,clearbit
cdlniteroi.com.br,clearbit
wurth.kz,clearbit
einhell.com.tr,clearbit
tapflo.hu,clearbit
amnesty.org.ng,clearbit
einhell.co.uk,clearbit
landish.ca,clearbit
anadolumedicalcenter.al,scrap_favicon
orbico.com.mk,clearbit
lghealthjobs.org,clearbit
remax.fi,clearbit
daikin.az,clearbit
aamcooklahomacity-yukon.com,clearbit
mersen.com.br,clearbit
medef41.fr,scrap_favicon
skodalondon.com,clearbit
cfmoto-larissa.gr,scrap_favicon
wurth.com.tw,clearbit
bbraun.com.br,clearbit
toyota.com.co,clearbit
tapflo.at,clearbit
einhell.pl,clearbit
bakertilly.mu,clearbit
roca.com.tr,clearbit
overheaddooraz.com,clearbit
pkfcemac.com,failed
trulynolencampogrande.com.br,scrap_favicon
rjelinek.cl,clearbit
nexigroup.com,clearbit
shimadzu.com.br,clearbit
gracehomes.us,clearbit
europa-union-sachsen.de,clearbit
duracell.pl,clearbit
aeccglobal.com.bd,clearbit
iba-protontherapy.com,clearbit
subway.co.id,clearbit
mateco.bg,clearbit
solatube.co.uk,clearbit
foxinaboxmiami.com,clearbit
hertz-autopujcovna.cz,clearbit
renaulttepic.mx,scrap_favicon
aiesec.gr,clearbit
mazda-bielskobiala-autogazda.pl,clearbit
stockco.co.nz,clearbit
vantagepoint.co.id,clearbit
vbh.de,clearbit
bbraun.ec,clearbit
fimacf.africa,clearbit
schaumann.cz,clearbit
tupperware.com.ar,clearbit
decathlon.com.kh,clearbit
mazda-autohaus-gollan-hamm.de,scrap_favicon
culliganindiana.com,clearbit
gulfcombustibles.com,clearbit
forpsi.pl,clearbit
linde-gas.fr,clearbit
starbucks.com.gr,clearbit
isover.fi,clearbit
intersport.it,clearbit
rinnai.com.tw,failed
allianz-reiseschutz.de,failed
aamcoeastpointga.com,clearbit
mercyships.be,clearbit
mazdaofnewrochelle.com,clearbit
kia-mouscron.be,clearbit
kia.com.ni,clearbit
job-impulse.pt,clearbit
subaru.eu,clearbit
aamcoraleigh-capitalblvd.com,clearbit
bimedacanada.com,clearbit
allianzlifebali.com,clearbit
pacificinfotech.co.uk,clearbit
rsmrecruitment.com,clearbit
repsol.no,clearbit
thelocal.ch,clearbit
toyotahonduras.com,clearbit
ilmercatoambacht.nl,clearbit
actemium.co.uk,clearbit
mediqdirekt.hu,clearbit
linexranchocordova.com,failed
aontravpro.com,clearbit
jll.co.il,clearbit
culliganwaterstillwater.com,scrap_favicon
aamconorthwestfwy-houston.com,scrap_favicon
seats2meetstationdenbosch.nl,clearbit
pamarco.co.uk,clearbit
bakertilly.pt,clearbit
hollandandbarrett.ae,scrap_favicon
bbraun.cl,clearbit
cleansui-usa.com,clearbit
securitas24.de,clearbit
subaruqatar.com,clearbit
asendia.co.uk,clearbit
mtn.zm,clearbit
meggle-group.com,clearbit
culliganminneapolis.com,clearbit
budgetqatar.com,clearbit
cdltresrios.com.br,clearbit
garminstore.com.br,clearbit
svnnc.com,clearbit
santillana.com.ar,clearbit
rocatiles.com,clearbit
mersen.com.tr,clearbit
kia-hoff-trier.de,clearbit
sprachschule-aktiv.de,clearbit
hyundaitgv.ro,clearbit
chicco.com.tr,clearbit
jungheinrich.in,clearbit
jungheinrich.com.br,clearbit
allianz.sg,clearbit
amway.it,clearbit
tasuki-holdings.co.jp,clearbit
newson-gale.co.uk,clearbit
titancontainers.com.tr,clearbit
laborelec.com,clearbit
europcar.me,clearbit
planncosteels.com,clearbit
aamcoescondido.com,clearbit
pepsico.fr,clearbit
hennessyfunds.com,clearbit
aamcomiami-birdroad.com,clearbit
honda-bordeaux.com,clearbit
budget.com.do,clearbit
aamcoaustin-burnetrd.com,clearbit
miniso.ge,clearbit
greatplacetowork.ch,clearbit
rotarygranada.es,scrap_favicon
teztour.lt,clearbit
wurth.co.uk,clearbit
freeportwestselfstorage.com,clearbit
julis-bayern.de,clearbit
nepaltrust.gov.np,clearbit
designpluz.com,clearbit
medef-mayenne.com,clearbit
fleishmanhillard.co.id,clearbit
bauder.be,scrap_favicon
telehouse.co.th,clearbit
vwswestgarth.com,clearbit
mitsubishielectricmalaysia.com,clearbit
acuraofpeabody.com,clearbit
aamcochino.com,clearbit
unitecnica-us.com,clearbit
holidayland-dorfen.de,clearbit
hondatygerberg.co.za,scrap_favicon
mazda-lodz-matsuoka.pl,clearbit
murrelektronik.at,clearbit
cinnabon.mx,clearbit
luminishealthcareers.org,clearbit
bioderma.sg,clearbit
axa.com.br,clearbit
aliaxis.gr,clearbit
alchemia-nova.net,clearbit
aamcorochesterny.com,scrap_favicon
starkey.com.br,clearbit
nestle.ba,clearbit
lamborghinisarasota.com,clearbit
aamconorthridgeca.com,clearbit
vkf-renzel.co.uk,clearbit
algeco.be,clearbit
ymcasf.org,clearbit
murrelektronik.pl,clearbit
honda-limoges.com,scrap_favicon
deheus.pt,clearbit
eis.com.tr,scrap_largest
mazda-autohaus-ubben-aurich.de,scrap_favicon
immanuelalbertinen.de,clearbit
aamcoorange.com,clearbit
bonprix.ch,clearbit
bbraun.com.ar,clearbit
whirlpoolservice.co.uk,clearbit
siiora.org,clearbit
selgen.eu,scrap_favicon
vettersculliganwater.com,clearbit
reedglobal.ch,scrap_favicon
europa-union-kassel.de,clearbit
baywa-re.fr,clearbit
ealang.com.cn,failed
aamcoarlington-pantego.com,clearbit
komoder.co.uk,clearbit
lindt.fi,scrap_favicon
mazda.ph,clearbit
pepsico.com.co,failed
greatplacetowork.co.ke,clearbit
mazdaofwooster.com,clearbit
culliganchicago.com,clearbit
mazda.es,clearbit
orange.com.lr,clearbit
starkeypro.de,clearbit
coffeesmith.com.sg,clearbit
aamcolongbeachca.com,scrap_favicon
wuerth.com.kh,clearbit
lindt.de,clearbit
aviabienert.de,clearbit
pkf-fwa.com,clearbit
thebodyshop.lv,clearbit
gs1sk.org,clearbit
acuraofgainesville.com,clearbit
kia-brueggemann-brandenburg.de,clearbit
rotary-club-strasbourg.org,scrap_favicon
atalian.nl,clearbit
medef-ardennes.com,clearbit
pilotpen.it,clearbit
orange.sk,clearbit
nikon.com.hk,clearbit
k-startupcenter.org,clearbit
intersport.nl,clearbit
kia-burian-celle.de,scrap_favicon
plastoplan.si,clearbit
mazdanorkar.com,scrap_favicon
lindt.ch,clearbit
mazda-autohaus-torp-wilhelmshaven.de,scrap_favicon
inductotherm.com.tr,clearbit
sitechdo.com.mx,clearbit
solatubescotland.co.uk,clearbit
spitex-regiowittenbach.ch,scrap_favicon
pkf.pt,clearbit
cfmotoindia.com,clearbit
kind-der-stadt.at,clearbit
budget.bg,clearbit
veolia.ie,clearbit
bonprix.co.uk,clearbit
holidayland-pohlheim.de,clearbit
minisouruguay.com.uy,clearbit
aliaxis.hu,clearbit
jll.ch,clearbit
de-heus.nl,clearbit
scholpp.it,clearbit
cdlvitoria.com.br,clearbit
lamborghini-cannes.com,clearbit
hsbcsaudi.com,clearbit
msmode.de,clearbit
nidek.com,clearbit
bbraun.bg,clearbit
countryroadsford.net,clearbit
nestle.com.sg,clearbit
alosindustrials.com,clearbit
synlab.si,clearbit
aamcosandiego-missionbay.com,clearbit
aamcoviennava.com,clearbit
aamcohagerstownmd.com,clearbit
roca.ro,scrap_favicon
altengt.com,scrap_favicon
aamcomorenovalley.com,clearbit
intersport-arc2000.com,clearbit
dicetek.us,clearbit
aamcolexingtonparkmd.com,clearbit
manpowergroup.se,clearbit
murrelektronik.fr,clearbit
grantthornton.tn,clearbit
aliaxis.it,clearbit
platingsystems.info,clearbit
kia.pt,clearbit
amtrakvacations.com.au,scrap_favicon
advocaremorristownpediatrics.com,clearbit
kia-etehad-halstenbek.de,scrap_favicon
aireonepeel.ca,clearbit
solatubegalicia.com,clearbit
santillana.com.pr,clearbit
mazda-autopark-rath-krefeld.de,scrap_favicon
nutricia.be,clearbit
spitex-steinmaur-neerach.ch,scrap_favicon
leroymerlin.co.za,clearbit
hyundaiofchatham.ca,clearbit
mersen.it,clearbit
tupperware.it,clearbit
shimadzu-techno.co.jp,failed
toyota-niederberger.at,clearbit
synlab.ec,clearbit
hertz.ro,clearbit
santanderconsumer.no,clearbit
nerdsonsite.co.za,clearbit
toyota.com.mk,clearbit
pingusenglish.ee,clearbit
hannainst.hr,clearbit
mazda-autohaus-dohm-horn-bad-meinberg.de,clearbit
crocs.com.ec,clearbit
manpowergroup.cz,clearbit
toyota-innviertel.at,clearbit
honda-marseille.com,scrap_favicon
statkraft.nl,clearbit
keika-c.ed.jp,clearbit
holidayland-wunstorf.de,clearbit
repsolresourcesuk.com,clearbit
spitex-grauholz.ch,scrap_favicon
tapflo.nl,clearbit
chubblifefund.com.vn,failed
moog.fr,clearbit
xtransfer.cn,clearbit
ctdi.in,failed
toyotaborovali.com.tr,clearbit
jll.nz,clearbit
astrazeneca.com.tr,clearbit
greatplacetowork.com.py,clearbit
spitex-freiamt.ch,scrap_favicon
airbnb.ie,clearbit
subarumidlandodessa.com,scrap_favicon
spitexlueg.ch,clearbit
statkraft.co.uk,clearbit
compo-hobby.it,clearbit
mapfre.com.ve,clearbit
svndesertcommercial.com,clearbit
msd-animal-health.dk,clearbit
mazda-autohaus-schreier-biebergemuend-bieber.de,clearbit
mersen.hu,clearbit
mtn.co.sz,clearbit
gjwnwd.de,clearbit
airbnb.jp,clearbit
compo-group.com,clearbit
synlab.com.cy,scrap_favicon
mapfre.com.gt,clearbit
trakm8.cz,clearbit
warmupdeutschland.de,clearbit
zkteco.me,clearbit
aamcoutah.com,clearbit
aamcosurprise.com,clearbit
isuzu.co.mz,clearbit
ymca-ywca.org,clearbit
honda-reims.com,scrap_favicon
renaultvercammen.be,clearbit
aamcopasadenaca.com,clearbit
secureparkingusa.com,clearbit
murrelektronik.ro,clearbit
toysrus.com.sa,clearbit
toyotabatangas.com.ph,clearbit
toyota-paris5.fr,scrap_favicon
msig-asia.com,clearbit
plameco-huizen.nl,clearbit
deswam.in,failed
toyotaakten.com.tr,clearbit
freseniuskidneycare.com,clearbit
linak.pl,clearbit
autosecuritas-ctlp.fr,scrap_favicon
thelocal.it,clearbit
aamcobloomingtonil.com,clearbit
culliganwaterburlington.com,scrap_favicon
monitus.com,clearbit
whirlpool-bangladesh.com,clearbit
gulf.com.mk,clearbit
spitex-trevalli.ch,clearbit
pkf-l.com,clearbit
astrazeneca.ca,clearbit
aamcogreensburgpa.com,failed
culliganatlanta.com,clearbit
nissanmanufacturing.com,scrap_favicon
medknow.com,clearbit
jungheinrich.co,clearbit
spitexkempt.ch,scrap_favicon
buffalotours.es,clearbit
edenredrewards.co.in,clearbit
mazdaofbedford.com,clearbit
culliganflint.com,clearbit
culliganofofallon.com,clearbit
aamcomorganhill.com,clearbit
andre-media.it,clearbit
habitatbroward.org,clearbit
mitsubishi-motors.fi,clearbit
bauder.rs,clearbit
pakuacanada.com,clearbit
greatplacetowork.pl,clearbit
aon.lt,clearbit
mazda-autohaus-brutschin-lenzkirch.de,scrap_favicon
aamcoroanokeva.com,scrap_favicon
cinnabon.com.tr,clearbit
kiaofmurfreesboro.com,clearbit
engieresources.com,clearbit
mazda-autohaus-mueller-plauen.de,clearbit
amnesty.org.ph,clearbit
myplumberca.com,clearbit
husse.hu,clearbit
daikinczech.cz,clearbit
aamcola-culvercity.com,clearbit
canonburgos.com,clearbit
tectake.it,clearbit
aamcolexingtoneast.com,scrap_favicon
lidl.ee,clearbit
einhell.cz,clearbit
thebodyshop.bg,clearbit
tensar.com.cn,clearbit
bbraun.pk,clearbit
hondamurcia.com,clearbit
fortprousa.com,clearbit
saint-gobain.al,clearbit
aamcodelraybeach.com,clearbit
culliganlasvegas.com,clearbit
aamcoofupland.com,clearbit
repsol.pe,clearbit
astreitalia.it,clearbit
franzcollection.com,clearbit
bigfootdigital.co.uk,clearbit
metlifetakealongdental.com,scrap_favicon
aamcobrookfieldwi.com,clearbit
mazda.lv,scrap_favicon
santillana.com.ec,clearbit
kia-fugel-dresden.de,clearbit
honda-grenoble.com,scrap_favicon
thisissowgood.com,clearbit
kiacoldlake.com,clearbit
kiaofgrandblanc.com,clearbit
spitex-region-kreuzlingen.ch,clearbit
servier.it,clearbit
toyota.co.tz,clearbit
kia.am,clearbit
blackroll.com.pl,clearbit
malerasstockholm.se,clearbit
gs1ec.org,clearbit
allianz.mg,clearbit
modern-heads.com,clearbit
toyota-givors.fr,scrap_favicon
grantthornton.bg,clearbit
carlsjr.com.mx,clearbit
mitsubishi-motors.com.kw,clearbit
servier.co.id,clearbit
culligancentralindiana.com,clearbit
bakertilly.site,clearbit
carglass.re,clearbit
tts-group.at,scrap_favicon
algeco.si,scrap_favicon
medef-44.fr,clearbit
subarutijuana.mx,scrap_favicon
aamcoeastbrunswick.com,clearbit
spitex-kriens.ch,clearbit
annotext.de,clearbit
apolloclinicguwahati.co.in,clearbit
job-impulse.sk,clearbit
aamcobridgewater.com,clearbit
infiniti.com.pa,clearbit
infiniti.mx,clearbit
aamcophoenixville.com,scrap_favicon
amway.de,clearbit
honda-lille.com,clearbit
flashbay.es,clearbit
subarusouthpoint.com,clearbit
aireserv.ca,clearbit
aamcovictorvilleca.com,scrap_favicon
spie-wirliebenkabel.de,clearbit
bakertilly.ec,clearbit
bosch-pt.co.in,clearbit
honda-toulouse.com,clearbit
axa-assistance.cz,clearbit
honda-meaux.com,clearbit
entergy-texas.com,clearbit
aamconsa.com,clearbit
julis-rhein-berg.de,clearbit
einhell.bg,clearbit
spie-ics.com,clearbit
worldvisionmexico.org.mx,clearbit
mazda-autohaus-wilk-kaczmarek-schwerin.de,scrap_favicon
julis-sachsenanhalt.de,clearbit
rotarypublicschool.org,clearbit
funiber.org.uy,clearbit
neposystem.me,clearbit
airbnb.com.au,clearbit
kia-jaeger-bevern.de,scrap_favicon
algeco.pt,clearbit
invisalign.co.kr,clearbit
skybusiness.co.nz,scrap_favicon
svnahia.com,clearbit
biolchim.com.br,clearbit
furuno.co.uk,clearbit
lindt.se,clearbit
sephora.ro,clearbit
bakertillygh.com,clearbit
aamcospringfield.com,clearbit
pefc.cl,clearbit
pussyspace.net,clearbit
mersen.es,clearbit
salvationarmy.org.my,clearbit
aon.lv,clearbit
isover.co.kr,scrap_favicon
rotaryclubdelima.org,clearbit
kia-exner.de,scrap_favicon
solidea.co.za,clearbit
azetsconsulting.no,scrap_largest
vans.it,clearbit
toysrus.de,scrap_largest
tbwazim.co.zw,clearbit
actemium.com.br,clearbit
veolia.nl,clearbit
vbhtrgovina.si,scrap_favicon
tchibo.cz,clearbit
aamcoeggharbortwp.com,clearbit
duracell.it,clearbit
aamcostroudsburg.com,clearbit
vedanta-zincinternational.com,clearbit
intersport.cz,clearbit
meggle-foodingredients.de,clearbit
pkfjnd.com,clearbit
culligantoledo.com,clearbit
kiaofwestburlington.com,scrap_favicon
daikin.mk,clearbit
aamcowashingtondc.com,clearbit
scoutaerialafrica.com,clearbit
aamcobronx.com,clearbit
intersport.hr,clearbit
aon.hu,failed
kia.co.mz,clearbit
gs1.ro,clearbit
ubicast.tv,failed
aspenpharma.es,clearbit
tbwa.com.hk,clearbit
batistareisfloresonline.com.br,clearbit
kia-sauter-albstadt.de,clearbit
customneon.com.au,clearbit
invisalign.it,clearbit
enterpriserentacar.bg,clearbit
habitatindiana.org,clearbit
spitextg.ch,clearbit
algeco.ro,clearbit
aamcoroundrocktx.com,clearbit
mazda-autohaus-schwenke-duisburg.de,clearbit
gulfoilchina.com,failed
honda-cannes.com,clearbit
aamcopeoria-az.com,clearbit
culliganwaternebraska.com,clearbit
internationalsos.no,clearbit
kia-maier-cham.de,scrap_favicon
kokuyo-furniture.com.my,clearbit
monster.at,clearbit
rsmuk.com,clearbit
aliaxis.bg,scrap_favicon
worldvision.co,clearbit
spitex-appenzellerland.ch,scrap_favicon
mycabin.ie,clearbit
kia.com.uy,clearbit
actemium.ca,clearbit
faacentrancesolutions.be,scrap_favicon
wurthcanarias.es,clearbit
keasyfit.it,clearbit
aamcoabingtonpa.com,clearbit
mersen.in,clearbit
budatec.de,clearbit
ardexamericas.com,clearbit
fluidmasteruk.com,clearbit
autosecuritas-tallard.fr,scrap_favicon
aamcoreadingpa.com,clearbit
mazda.co.me,scrap_favicon
durableonline.com.sg,clearbit
nutriciavoorjou.nl,clearbit
bestdrive.fi,clearbit
inbeat.co,clearbit
mffshopen.se,clearbit
kiaoflumberton.com,clearbit
bakertilly.gi,clearbit
wurth.lv,clearbit
modshair-stuttgart.de,clearbit
foxinaboxbrisbane.com,clearbit
trulynolenrecife.com.br,clearbit
clarksonhyde.it,clearbit
unicharm.co.in,clearbit
skodanews.de,scrap_favicon
metlife.com.tr,clearbit
pepsico.rs,clearbit
reedglobal.cz,clearbit
avis.nc,clearbit
infiniti.com.do,clearbit
inductotherm.com.cn,clearbit
worldvisionamericalatina.org,clearbit
adfc-radtourismus.de,clearbit
mitsubishielectric.se,clearbit
toyotaer.com.tr,clearbit
aamcoflagstaff.com,clearbit
aamcophoenixmaryvale.com,clearbit
trulynolenpiaui.com.br,clearbit
subaru.es,clearbit
isuzugyor.hu,scrap_favicon
travelocarbooking.com,clearbit
affidea.pl,clearbit
sephora.it,clearbit
mazda-autohaus-moellenkamp-rheine.de,scrap_favicon
spitex-rothenburg.ch,clearbit
mazdaofmilford.com,clearbit
toyotapasongtamo.com,clearbit
decathlonkz.com,clearbit
daikinchemicals.co.th,clearbit
gulfoil.co.uk,clearbit
medef-franche-comte.com,clearbit
toyotaonatca.com.tr,clearbit
aeccglobal.sg,clearbit
bestdrive.se,clearbit
medef-cher.fr,clearbit
culliganhoriconwatertown.com,scrap_favicon
einhell.dk,clearbit
bakertilly.com.jm,clearbit
mazda-autohaus-born-ludwigslust.de,scrap_favicon
amway.co.jp,clearbit
plameco.at,clearbit
lindt.jp,clearbit
nikonmetro1stg.wpengine.com,clearbit
attijariwafabank.com.eg,clearbit
culliganwatercolorado.com,clearbit
culliganwaterwestbend.com,scrap_favicon
kia-auto-center-weiterstadt.de,clearbit
servier.ua,clearbit
idealindustries.cn,scrap_favicon
rubiomonocoat.com.pl,clearbit
boschautoparts.com,clearbit
subway.com.my,clearbit
aamcomiddletownny.com,clearbit
statkraftvarme.no,clearbit
aamcocolumbus-wbroadst.com,scrap_favicon
thebodyshop.fi,clearbit
cbrain.com,clearbit
eca-serel.de,scrap_favicon
honda.com.bd,clearbit
atalian.lu,clearbit
aamcofortlauderdale-plantation.com,clearbit
plameco-baer.de,clearbit
subwayfrance.fr,scrap_favicon
sackit.no,clearbit
bbraun.com.tw,clearbit
job-impulse.us,clearbit
bbraun.com.py,clearbit
thelocal.es,clearbit
wurth.pe,clearbit
isover.ie,clearbit
aeccglobal.co.id,clearbit
ringcontainers.co.uk,clearbit
renaultpatria.com.mx,clearbit
airbnb.be,clearbit
bbraun.be,clearbit
sephora.es,clearbit
bluecardagency.ru,clearbit
ercagroup.com.tr,clearbit
nestle.ua,clearbit
gjw-nrw.de,clearbit
sitech-ws.com,clearbit
spitexzh.ch,clearbit
dulux.in,clearbit
kia-bandung.com,clearbit
benu.lt,clearbit
santillana.com.pa,clearbit
sitech.ch,clearbit
statkraft.fr,clearbit
kiacowansville.com,scrap_favicon
medef-pays-basque.fr,clearbit
greatplacetowork.com.co,clearbit
accelltherapy.com.au,clearbit
greatplacetowork.fr,clearbit
culligannation.com,clearbit
ccusa.nl,clearbit
kiwiqa.com.au,clearbit
cvjm-gomaringen.de,clearbit
furuno.gr,clearbit
subway.ru,clearbit
bbraun.nl,clearbit
bbraun.mx,clearbit
mazdademagog.com,clearbit
murrelektronik.ch,clearbit
einhell.nl,clearbit
zkteco.in,clearbit
worldvision.com.au,clearbit
kia-trinkle-schorndorf.de,clearbit
culligandenkerwaterconditioning.com,clearbit
zalando.nl,clearbit
pkfboi.nz,clearbit
crif.hk,clearbit
ymcaswv.com,clearbit
takeda.com.ru,scrap_favicon
culliganh2o.com,clearbit
greatplacetowork.gr,clearbit
eru.com.ua,clearbit
msd-animal-health.it,clearbit
toyotasonkar.com.tr,clearbit
krugerkaldnes.no,clearbit
kiaofbillings.com,clearbit
mazda-autohaus-lommel-grettstadt.de,scrap_favicon
aamcocovinaca.com,clearbit
adeccogroupfoundationus.org,clearbit
aamcospokanevalleywa.com,clearbit
amphenolaudio.com,scrap_favicon
msmode.es,clearbit
apexdynamicsgermany.de,clearbit
pigtailsandcrewcutsfranchise.com,clearbit
edf-re.com.au,clearbit
cinnabon.co.za,scrap_largest
gs1.org.bo,clearbit
steelhousegroup.ee,clearbit
experian.co.uk,clearbit
roca.fr,clearbit
asendia.at,clearbit
daikinuae.com,clearbit
cpi-print.com,scrap_favicon
cardif.pl,clearbit
crif.ch,clearbit
bbraun.pe,clearbit
honda-lemans.com,clearbit
wurth.cl,clearbit
matutis.de,clearbit
insize.com.br,clearbit
lamborghinimontreal.com,clearbit
flashmed-lb.com,clearbit
reedglobal.com.tr,clearbit
despat.com,clearbit
repsol.fr,clearbit
aamcomarietta-cobbparkway.com,clearbit
aamcoelcajon.com,clearbit
toyotanorthedsa.com,clearbit
aamcopomonaca.com,clearbit
greatplacetowork.cl,clearbit
bnpparibasdeveloppement.com,clearbit
pepsico.es,failed
ymcaup.org,clearbit
culliganwooster.com,clearbit
culliganjanesville.com,clearbit
top1toysbleijenberg.nl,scrap_favicon
overheaddoorbrookfield.com,clearbit
bakertillymlt.se,clearbit
repsol.us,clearbit
mazdavardi.com.co,clearbit
kawasaki-magdeburg.de,scrap_favicon
medef-cote-opale.com,clearbit
servier.gr,clearbit
alten.ca,clearbit
tupperware.pl,failed
pkf.co.uk,clearbit
pirtek.nl,clearbit
isuzu-vietnam.com,clearbit
bbraun.com.my,clearbit
amnestyghana.org,clearbit
bellaplanta.de,clearbit
benlomondinc.com,clearbit
airbnb.com.br,clearbit
duracell.co.za,clearbit
lightspeedhq.mx,clearbit
experian.com.sg,clearbit
funiber.sn,clearbit
crif.sk,clearbit
furuno.it,clearbit
logicvapes.co.uk,clearbit
medef31.fr,clearbit
esseskincare.co.uk,clearbit
nissanofthebronx.com,scrap_favicon
tridentseafoods.jp,clearbit
santanderuniversidades.com.mx,clearbit
algeco.cz,clearbit
mazda-autohaus-richter-forst.de,scrap_favicon
avia.nl,clearbit
airbnb.com.co,clearbit
aamcopatchogue.com,clearbit
meniconamerica.com,clearbit
hansa-flex.be,clearbit
medef-dromeardeche.fr,clearbit
sto.es,clearbit
ecotec-usa.com,scrap_favicon
pepsico.co.it,clearbit
specialistnutrition.us,clearbit
cinnabon-ksa.com,clearbit
engie-refrigeration.de,clearbit
filatime.com,scrap_largest
axa-lifeeurope.com,clearbit
eccreditcontrol.com.au,clearbit
orbico-kenoanyagok.hu,clearbit
culliganadvantage.com,clearbit
yves-rocher.nl,clearbit
murrelektronik.cz,clearbit
century21viaplus.be,clearbit
mazda-autohaus-flindt-marschacht.de,scrap_favicon
kelloggs.it,clearbit
cyrillus.com,clearbit
inductotherm.com.au,clearbit
overheaddoorkalamazoo.com,clearbit
msd-animal-health.co.nz,clearbit
sonepar.pe,clearbit
thebodyshop.lt,clearbit
aamcoerlanger.com,clearbit
fleishmanhillard.cz,clearbit
greatplacetowork.com.uy,clearbit
gs1.dk,clearbit
johnsmedley.jp,scrap_favicon
kia-duerkop-hannover.de,scrap_favicon
mazdadesherbrooke.com,clearbit
mitsubishielectric.in,clearbit
pearson.com.cn,clearbit
wurth.rs,clearbit
bbraun.ro,clearbit
servier.lv,clearbit
cdlcuritiba.org.br,clearbit
lww.co.uk,clearbit
solatube.si,clearbit
toyota-handler.at,scrap_favicon
adecco.de,clearbit
spitex-muellheim.ch,scrap_favicon
aamcoypsilantimi.com,clearbit
kiaofcoatesville.com,clearbit
jungheinrich.co.th,clearbit
autosecuritaslemoule.fr,scrap_favicon
mazda-autohaus-hohenfeld-dinslaken.de,scrap_favicon
aeccglobal.ng,clearbit
jdimmigration.es,clearbit
job-impulse.mx,clearbit
bbraun.no,clearbit
menicon.co.uk,clearbit
holidayland-reisebuero-stuppert.de,scrap_favicon
modshair-koeln-city.de,clearbit
krofian.de,clearbit
meggle.it,clearbit
hansa-flex.us,clearbit
roca.co.id,clearbit
prioritymanagementscotland.co.uk,clearbit
sto.com.tr,clearbit
aamcosantaanaca.com,scrap_favicon
duluxarabia.com,clearbit
astrazeneca.pt,clearbit
yord.pl,clearbit
kawasaki-herzog.de,scrap_favicon
vans.co.nz,scrap_favicon
synlab.lt,clearbit
nestle.dk,clearbit
equans.co,clearbit
jdm.com.pe,clearbit
stanbicbank.co.ke,clearbit
plameco-bonn.de,clearbit
yves-rocher.de,clearbit
ymcatrivalley.org,clearbit
wurth.es,clearbit
daikin.al,clearbit
clearblueionizer.be,clearbit
gjw-hessen.de,clearbit
engie.nl,clearbit
aamcoreynoldsburgoh.com,clearbit
kiatorun.pl,clearbit
starkeypro.com.au,clearbit
budgetglacier.com,clearbit
lamannamovingny.com,failed
medef-seine-estuaire.fr,clearbit
culliganofwestbranch.com,clearbit
pefc.se,clearbit
toyota.com.la,clearbit
mazdaoflodi.com,clearbit
aamcokansascitysouth.com,scrap_favicon
manpowergroup.gr,clearbit
inductotherm-group-france.fr,clearbit
brother.co.il,clearbit
pingusenglish.vn,clearbit
kiaofmuncie.com,clearbit
gs1hr.org,clearbit
ajaxtocco.de,clearbit
greatplacetowork.is,clearbit
rotary.no,clearbit
babgencel.de,clearbit
dfsk.tn,clearbit
tbwa-entelia.com,clearbit
mitsubishielevator.co.kr,failed
asendia.es,clearbit
spitexkaiseraugst.ch,scrap_favicon
amway.ca,clearbit
carter-benson.com,clearbit
cdljovem.org.br,clearbit
sonepar.hu,clearbit
aamcoranchocucamonga.com,scrap_favicon
ecochillers.net,clearbit
martinavenueshops.com,clearbit
vbh.ro,scrap_favicon
avonworldwide.com,clearbit
nestle.com.pe,clearbit
aamcostuartfl.com,clearbit
kumon.com.ar,clearbit
krautzberger.pl,clearbit
jysk.mk,clearbit
airbnb.co.kr,clearbit
top-system.com.mk,scrap_favicon
kia-guenther-dingelstaedt.de,clearbit
pkfsingapore.com,clearbit
mazda-autohaus-mork-rockenhausen.de,scrap_favicon
bbraun.fi,clearbit
invisalign.de,clearbit
elderhouseadc.com,clearbit
crocs.com.pe,scrap_favicon
pkf.com.cy,clearbit
aonhewitt.com.cy,clearbit
starkey.com.co,clearbit
solutions30.nl,clearbit
msmode.fr,clearbit
renaultdelsol.com.mx,clearbit
starkeyjp.com,clearbit
synlab-notes.com,clearbit
habitatmichigan.org,clearbit
aamcocolumbus-clevelandave.com,scrap_favicon
vivaconagua.at,clearbit
experianidworks.com,clearbit
culliganredwing.com,clearbit
adra.ca,clearbit
nestle-esar.com,clearbit
intersport-lesrousses.com,clearbit
lindt.co.za,clearbit
ymcalouisville.org,clearbit
honda-saint-maur.com,scrap_favicon
pkf-central-america.com,clearbit
toyota.ae,clearbit
casperscreensnorcal.com,failed
thelocal.at,clearbit
lindt.es,clearbit
cdvi.com,clearbit
nordicpharma.fr,clearbit
invisalign.ch,clearbit
mateco-hungary.hu,clearbit
sprachschule-aktiv-basel.ch,clearbit
narscosmetics.co.uk,clearbit
einhell.rs,clearbit
cinnabon.ca,clearbit
plastoplan.com,clearbit
filterteknik.dk,clearbit
aeccglobal.vn,clearbit
kia-autoprodix.ru,clearbit
nestle.com.bo,clearbit
hondabintang.com,clearbit
pamline.fr,clearbit
solatube.com.cn,clearbit
actemium.nl,clearbit
crif.com.tr,clearbit
jungheinrich.com.my,clearbit
patheon.kr,clearbit
aamcocollegestationtx.com,clearbit
viessmann.ua,clearbit
berlitzhautsdefrance.fr,scrap_favicon
wuerth.bg,clearbit
vetpartners.fr,clearbit
veolia.co.uk,clearbit
saint-gobain.mk,clearbit
pepsico.ua,clearbit
hertz-tilburg.nl,clearbit
biothanesolutions.com,clearbit
gotchateausa.com,clearbit
berlitz-bahrain.com,clearbit
europa-union-hessen.de,clearbit
aamcoredlandsca.com,clearbit
nissanoflebanonnh.com,clearbit
kia-beyschlag.at,scrap_favicon
ibc-solar.cz,clearbit
ibc-solar.it,clearbit
solatube.no,clearbit
medef-htcis.com,clearbit
tapflo.by,clearbit
kelloggs.fr,clearbit
aamcorockvillemd.com,clearbit
pefc.org,clearbit
wuerth.dk,clearbit
aamconorwalk.com,clearbit
kiaspringfield.co.za,clearbit
murrelektronik.sg,clearbit
edenred.com.uy,clearbit
ptsv-hof-minigolf.de,clearbit
mazda-autohaus-wuttke-gummersbach.de,scrap_favicon
spitex-gersau.ch,scrap_favicon
ibc-solar.co.za,clearbit
kiaprimavera.com,clearbit
zalando.co.uk,clearbit
grantthornton.do,clearbit
pmcorp.mx,clearbit
wurth.co.za,clearbit
indianmotorcycle.com.ar,clearbit
holidayland-durmersheim.de,clearbit
axa.be,clearbit
allianz.is,clearbit
manpowergroup.ch,clearbit
microbit.nl,clearbit
bestdrive.ie,clearbit
kia-wandscher-oldenburg.de,clearbit
lamborghini-stuttgart.com,clearbit
thegoodlobby.fr,clearbit
hyundaigatineau.ca,clearbit
aiesec.org.rs,clearbit
daikin-iraq.com,clearbit
mazda-autohaus-behrens-magdeburg-ottersleben.de,scrap_favicon
aamcomanchesterct.com,clearbit
airbnb.fr,clearbit
julis-bremen.de,clearbit
adra.nl,clearbit
servier.com.ph,clearbit
ymcatriangle.org,clearbit
habitatcoosavalley.org,clearbit
engie.com.au,clearbit
nutricia.co.uk,clearbit
mitsubishielectric.com.cn,failed
ajas.cz,clearbit
aamcogaithersburgmd.com,scrap_favicon
titancontainers.fr,clearbit
experianacademy.com,clearbit
europcar.rs,clearbit
equansservices.com,clearbit
pragroup.no,clearbit
wurth.nl,clearbit
aamcobristolpa.com,clearbit
sitechnw.com,clearbit
rotary7610.org,clearbit
culliganstlouis.com,clearbit
nestle.co.kr,clearbit
aamcomanassasva.com,clearbit
ibc-solar.nl,clearbit
carlsjrmerida.com,clearbit
whisky.de,clearbit
airbnb.cl,clearbit
msdinsight.no,clearbit
aamcospringfieldva.com,clearbit
aamcohightstownnj.com,clearbit
kia-car-center-wismar.de,scrap_favicon
invisalign.ae,clearbit
aamcooflascruces.com,clearbit
electrolux.com.mx,clearbit
airbnb.ru,clearbit
trikonclinicalwaste.co.uk,clearbit
gjw-bb.de,clearbit
kia-h-p-schiffweiler.de,scrap_favicon
metlife.com.bd,clearbit
ambiderm.com.gt,clearbit
lindt.com.au,clearbit
entergy-louisiana.com,clearbit
honda-caen.com,scrap_favicon
toyota-rambouillet.fr,clearbit
msd-animal-health.co.uk,clearbit
aamco-duluthga.com,scrap_favicon
orange.md,clearbit
entergy-arkansas.com,clearbit
ovb.gr,clearbit
pepsico.pt,failed
citychain.co.th,clearbit
toyotakocaelikaya.com.tr,clearbit
rotarycoimbatoredowntown.org,failed
mazda.com.tr,clearbit
gwaliasweets.ca,scrap_favicon
tanameracoffee.com,clearbit
honda-lorient.com,clearbit
experian.com.my,clearbit
altriusconsulting.com,clearbit
secureparking.com.lb,clearbit
thelocal.dk,clearbit
desjoyauxgh.com,clearbit
pepsico.com.br,failed
culliganslc.com,clearbit
pepsico.ru,clearbit
aamcocantonga.com,clearbit
aamcotopekaks.com,scrap_favicon
acuraoframsey.com,clearbit
boxful.com.tw,clearbit
shimadzu.com.cn,failed
soneparusa.com,clearbit
entergynewsroom.com,clearbit
wurth.pt,clearbit
enefitvolt.com,clearbit
spitex-romanshorn.ch,scrap_favicon
narscosmetics.fr,clearbit
indianmotorcyclesturgis.com,clearbit
autosecuritas-ducos.fr,scrap_favicon
titancontainers.ie,clearbit
lindt.at,clearbit
wedos.com,clearbit
maxus-norddeutschland.de,clearbit
shimadzu.co.kr,failed
aamcosandiego-miramar.com,clearbit
subway-franchise.fr,clearbit
gs1tn.org,clearbit
entergy-nuclear.com,clearbit
funiber.fr,clearbit
astrazeneca.com.hk,clearbit
whatsonsaudiarabia.com,clearbit
culliganofsouthwestwisconsin.com,clearbit
seiban.com,failed
nhszketpo.hu,clearbit
culliganwisconsin.com,clearbit
brother.com.ar,clearbit
narscosmetics.de,clearbit
toysrus.com.bn,clearbit
toyotaquezonavenue.com.ph,clearbit
santanderconsumer.se,clearbit
adra.se,clearbit
schaumann.fr,clearbit
mcdonalds-mcdelivery.es,scrap_favicon
duraclean.net,clearbit
fainvestors.com,clearbit
bcurelaser.com,clearbit
intersport-alpedhuez.com,clearbit
savethechildren.org.uk,clearbit
middletemplevenue.org.uk,scrap_favicon
synlab.com.ng,clearbit
overheaddoorsrichmond.com,clearbit
aamcoportsmouthnh.com,scrap_favicon
synlab.mk,clearbit
savethechildren.es,clearbit
bizfilings.com,clearbit
cdvi.fr,clearbit
kia-engbert-datteln.de,clearbit
culliganlemars.com,clearbit
nestle.com.uy,clearbit
bauder.fr,clearbit
pauldaviswi.com,clearbit
tbwa.it,clearbit
isuzuhanoi.com,clearbit
culligansanantonio.com,clearbit
toyota-magny.fr,clearbit
naturesrewardcoloredcauliflower.com,scrap_favicon
aamcoofgreensboro.com,clearbit
nestle.com.ar,clearbit
movingstarsinc.com,clearbit
macma.pl,clearbit
pkfea.com,clearbit
aliaxis-me.com,clearbit
pilotpen.hu,clearbit
mazda-autohaus-henn-weilamrhein.de,clearbit
berlitznouvelleaquitaine.fr,clearbit
servier.at,clearbit
hsusports.com,scrap_favicon
viacon.fi,clearbit
cfmoto.com.tr,clearbit
kiairaqnim.com,clearbit
bbraun.cz,clearbit
analytik-jena.ru,clearbit
vkf-renzel.dk,clearbit
spie-osmo.de,clearbit
greatplacetowork.cn,clearbit
equans.lu,clearbit
renault.jo,clearbit
sealy.co.kr,clearbit
aamcolubbock.com,clearbit
bestwesternbraddock.com,scrap_largest
grantthornton.ci,clearbit
bauer-egypt.com,clearbit
inhuntworld.com,clearbit
lamborghini-frankfurt.com,clearbit
ardex.eu,clearbit
siebtechnik-tema.nl,clearbit
wordans.it,clearbit
sephora.fr,clearbit
demeter.it,clearbit
amnesty.se,clearbit
stoag.ch,clearbit
toyotamacau.com,failed
bosch-pt.com.my,clearbit
hawaiifamilydentalcareers.com,clearbit
shopee.co.id,clearbit
subwaypacific.com,clearbit
kia-lange-gosen.de,scrap_favicon
komoder.md,clearbit
foxinaboxgoldcoast.com,clearbit
bimedasuramerica.com,clearbit
avispl.de,clearbit
duracell.fr,clearbit
isover.at,clearbit
affidea.ro,clearbit
allianz.lu,clearbit
gs1al.org,clearbit
servier.sk,clearbit
honda-montpellier.com,clearbit
medeforne.fr,clearbit
toyotacomauto.com,clearbit
zkteco.com.bd,clearbit
duracell-me.com,clearbit
canon-its.co.jp,clearbit
disneychannel.co.za,clearbit
spitex-bodensee.ch,scrap_favicon
allianzim.com,clearbit
isover.be,clearbit
titancontainers.co.uk,clearbit
peach.immo,clearbit
starbucks.in,clearbit
zenithplasticsurgery.com,failed
lamborghini-rotterdam.nl,clearbit
toysrus.pt,clearbit
mitsubishi-motors.com.ar,clearbit
cargoriga.ee,clearbit
airbnb.hu,clearbit
veolianorthamerica.com,clearbit
culliganmonroe.com,clearbit
aamcoreno.com,clearbit
soneparthailand.com,clearbit
spitexampuls.ch,scrap_favicon
synlab.by,clearbit
mtn.ng,clearbit
bimedaus.com,clearbit
siebtechnik-tema.com.au,clearbit
pmsgen.com,clearbit
svnprovidence.com,clearbit
intersport.com.tr,clearbit
daad-australia.org,scrap_favicon
spitexrl.ch,failed
vamdodoma.ru,clearbit
cinnabon.pk,clearbit
aamcoahwatukee.com,clearbit
holidayland-bruchkoebel.de,failed
heydudeshoes.es,clearbit
asendia.se,clearbit
amway.com.do,clearbit
h2oinnovation.mx,clearbit
foxinaboxzutphen.com,scrap_favicon
rotary5960.org,clearbit
baywa-re.co.kr,clearbit
bbraun-vetcare.pt,scrap_favicon
ardex.pl,scrap_favicon
hamburg.com,clearbit
subaruvilnius.lt,scrap_favicon
bosch-wohnungsgesellschaft.de,clearbit
medef-seineetmarne.fr,clearbit
veka.hu,clearbit
freseniuskidneycare.asia,scrap_favicon
truemoney.com.vn,clearbit
greatplacetowork.com.au,clearbit
aamcolakeworth.com,clearbit
aamcovancouver99.com,clearbit
aamcohackettstown.com,clearbit
toyotacommonwealth.com,scrap_favicon
kia-fischer-muenchberg.de,scrap_favicon
greatplacetowork.com.mm,clearbit
deheus.id,clearbit
gs1bg.org,clearbit
entergy-mississippi.com,clearbit
thelocal.no,clearbit
msd-animal-health.pl,clearbit
spiegse.com,clearbit
kumon.com.uy,scrap_favicon
santander.com.mx,clearbit
new-beauty.com,scrap_favicon
aamcoantiochca.com,scrap_favicon
experian.com.hk,clearbit
aamcohamptonva.com,clearbit
adecco.com.vn,clearbit
uxbistart.com,clearbit
asendia.sg,clearbit
aamcodowneyca.com,scrap_favicon
mazda-autohaus-banaszak-wesel.de,scrap_favicon
pkfthailand.asia,clearbit
hansa-flex.co.uk,clearbit
rotary7620.org,clearbit
spitexsense.ch,clearbit
trulynolenbarueri.com.br,clearbit
cinnabon-egypt.com,clearbit
aon.co.nz,clearbit
eurofinsfoodtesting.com,clearbit
greatplacetowork.at,clearbit
tupperware.nl,clearbit
desjoyaux.de,clearbit
aamcotemeculaca.com,scrap_favicon
benu.ch,clearbit
workcircle.com,clearbit
wuerth.my,clearbit
airbnb.com.vn,clearbit
nordicpharma.ch,clearbit
sonepar.co,clearbit
spitexgraenichen.ch,scrap_favicon
msd-animal-health.com.au,clearbit
overheaddoorofterrehaute.com,clearbit
nikonimgsupport.com,clearbit
kawasaki-center-koeln.de,clearbit
acurahonolulu.com,clearbit
compo.es,clearbit
kynixsemiconductor.com,clearbit
ebay.com.tw,failed
allianzpp.com,clearbit
dhirajsonsonline.com,clearbit
aamcophoenixcentral.com,clearbit
diamond.co.id,clearbit
enterprise.se,clearbit
seitenbachershop.com,scrap_favicon
ekartlogistics.in,clearbit
ccusa.co.uk,clearbit
stadtwerke-heidenheim-regio.de,clearbit
remax-emblema.com.ar,clearbit
piccinifuels.it,clearbit
takedaoncology.com,clearbit
gjw-nd.de,clearbit
cgparivarconstruction.com,clearbit
zhcpa.cn,clearbit
titancontainers.at,clearbit
kia.com.co,clearbit
culligangrandrapids.com,clearbit
nordicpharma.es,clearbit
dulux.co.za,clearbit
ebay.it,clearbit
rsm.bh,clearbit
aamcoconcordnh.com,clearbit
nobleprog.com.ng,clearbit
aamcowalnutcreekca.com,clearbit
nestle.lt,clearbit
msd-animal-health.be,clearbit
veka.fr,clearbit
aamcocedarparktx.com,clearbit
delreg.com,clearbit
bbraun.co.th,clearbit
esseskincare.hk,clearbit
janegal.sk,clearbit
desjoyauxcreuse.com,failed
jetfriorefrigeracao.com.br,clearbit
kia.co.sz,clearbit
digi-intl.co.jp,clearbit
designmehair.cz,clearbit
pkfcs.co.nz,clearbit
norauto-empleo.es,clearbit
ymcatoledo.org,clearbit
sprachschule-aktiv-passau.de,clearbit
aeccglobal.lk,clearbit
katyawilliamsbridal.com,scrap_favicon
pilotpen.ro,clearbit
misterwhat.com.br,scrap_favicon
lindt.dk,scrap_favicon
actemium.se,clearbit
nestle.com.bd,clearbit
aamcogolflinks.com,clearbit
bosch-climate.com.tr,clearbit
vkf-renzel.hu,clearbit
subaru.com.gt,clearbit
greatplacetowork.es,clearbit
airbnb.si,scrap_favicon
papajohns.com.tr,clearbit
repsolsolgas.com,clearbit
spie-energotest.pl,clearbit
poliform-spb.ru,scrap_favicon
bioderma.com,clearbit
shercomotorcycles.it,clearbit
budget-ireland.co.uk,clearbit
sompo-intl.com,clearbit
isuzuniaga.com,clearbit
desjoyaux.co.uk,clearbit
secom.vn,clearbit
stora-drain.be,clearbit
aeccglobal.my,clearbit
sunnybrookprintshop.ca,clearbit
nexicentraleurope.com,scrap_favicon
toolstationjobs.nl,clearbit
eurofins.hr,clearbit
aamcooklahomacity-northwest.com,clearbit
rcchurch.com,clearbit
mazda-autohaus-huck-buehl.de,clearbit
mariagefreres.co.jp,clearbit
aonassurances.com,clearbit
statkraft.com.pe,clearbit
carglass.ma,scrap_favicon
brother.com.mx,clearbit
medicover.de,clearbit
allianz.ma,clearbit
aamcolexingtonwest.com,scrap_favicon
cvjm-muenchberg.de,clearbit
le-tech.co.uk,clearbit
fft-ps.pl,clearbit
airbnb.ca,clearbit
techmatrix-asia.com,clearbit
aamcoglendaleca.com,clearbit
airbnb.co.id,clearbit
ford.cl,scrap_favicon
dahmira.kz,scrap_favicon
cedstone.ca,clearbit
hertz.yt,scrap_favicon
duracleanservices.net,clearbit
tapflo.se,clearbit
papajohns.com.pk,clearbit
shopee.com.mx,clearbit
nordicpharma.be,clearbit
nutrienagsolutions.ca,clearbit
aamcoblog.com,clearbit
affidea.ch,clearbit
lueck-gruppe.de,clearbit
spitex-gaeu.ch,scrap_favicon
aamcosouthsarasota.com,clearbit
servier.com.pa,clearbit
toyota-lyonsud.fr,clearbit
dfcapital-investors.com,clearbit
salvationarmyflorida.org,clearbit
sonepar.cz,clearbit
aamcobradenton.com,clearbit
culliganlansing.com,clearbit
kern-liebers.it,clearbit
honda-dijon.com,scrap_favicon
mtn.cg,clearbit
lyspoland.pl,failed
statkraft.com.tr,clearbit
shimadzumea.com,clearbit
sitech.fi,clearbit
einhell.fi,clearbit
honda-mulhouse.com,scrap_favicon
bosch-pt.com.cn,clearbit
kia-poeschl-bensheim.de,clearbit
spitex-aarenord.ch,clearbit
gs1my.org,clearbit
bbraun.co.za,clearbit
wurth.sk,clearbit
topdoctors.cl,clearbit
grantthornton.co.im,clearbit
aamcopuyallupwa.com,clearbit
pragroup.se,clearbit
toyota.com.np,clearbit
santanderconsumer.fi,clearbit
cfmotoitaly.it,clearbit
daikin.eu,clearbit
tributek.com,scrap_favicon
exertisztorm.com,clearbit
honda-chateauroux.com,clearbit
vbh.com.es,clearbit
cimbbank.com.vn,clearbit
hyundaicentralsales.com,clearbit
aamcofortlauderdale-dixiehwy.com,scrap_favicon
nestle.com.py,clearbit
ccusa.sk,clearbit
ampersand-world.com,clearbit
edenred.cl,clearbit
funiber.org.co,clearbit
intersport.com.au,clearbit
kumon.com.pe,scrap_favicon
advantisengineering.com,clearbit
linde.ch,clearbit
aamcomcdonoughga.com,scrap_favicon
gs1lt.org,clearbit
amway.fr,clearbit
airbnb.am,clearbit
mcdonalds.com.sg,clearbit
freseniuskidneycare.au,scrap_favicon
stampinup.uk,clearbit
aamcotulsa-harvard.com,clearbit
toyotadefence.com,clearbit
msmode.lu,clearbit
rexel.ca,clearbit
hps-guns.de,scrap_favicon
aamcosanbernardinoca.com,scrap_favicon
drinkculligan.com,clearbit
portadoors.com,clearbit
gjw-mv.de,clearbit
aamcomcallen.com,clearbit
thelocal.fr,clearbit
avis-tahiti.com,clearbit
medef-aura.fr,clearbit
bees-sport.nl,clearbit
spitex-wyland.ch,clearbit
nextbikeczech.com,clearbit
solatube.pt,clearbit
kumon.com.bo,scrap_favicon
lindt.com.mx,scrap_largest
thebodyshop.ee,clearbit
adra.sk,clearbit
culliganallegan.com,clearbit
hertz.com.do,clearbit
harigmfg.com,clearbit
aamcorandallstownmd.com,clearbit
shopee.vn,clearbit
zkteco-ao.com,failed
aamcocarync.com,clearbit
aliaxis.pl,clearbit
ccusa.co.za,clearbit
aamcolawrencevillega.com,clearbit
skoda-nancy.fr,scrap_favicon
howdentiger.com,scrap_favicon
avon.co.mu,scrap_favicon
brother.cn,failed
mcdonalds-hh.de,failed
enterprise.ae,scrap_favicon
nissanmiddletownny.com,scrap_favicon
bbraun.cn,failed
